Date,Product Name,Category,Quantity,Price,Platform
2025-05-04,Tote Bag,Accessories,23,36.45,TikTok Shop
2025-05-04,Heeled Wedges,Footwear,31,65.43,Instagram
2025-05-04,Slip-on Sandals,Footwear,45,30.9,TikTok Shop
2025-05-04,Silk Hijab,Apparel,35,27.54,Instagram
2025-05-04,Baju Melayu Set,Apparel,11,89.26,Shopee
2025-05-04,Casual Kurung,Apparel,20,75.45,Shopee
2025-05-04,Crossbody Bag,Accessories,31,76.3,Instagram
2025-05-04,Slip-on Sandals,Footwear,27,37.31,Shopee
2025-05-04,Slip-on Sandals,Footwear,14,37.38,Shopee
2025-05-04,Silk Hijab,Apparel,17,25.58,TikTok Shop
2025-05-04,Tote Bag,Accessories,28,32.8,Shopee
2025-05-04,Printed Blouse,Apparel,12,33.39,Shopee
2025-05-05,Printed Blouse,Apparel,60,29.88,TikTok Shop
2025-05-05,Silk Hijab,Apparel,13,33.61,TikTok Shop
2025-05-05,Crossbody Bag,Accessories,31,78.56,Shopee
2025-05-05,Tote Bag,Accessories,17,31.83,Shopee
2025-05-05,Printed Blouse,Apparel,25,39.49,Shopee
2025-05-05,Silk Hijab,Apparel,37,26.7,Shopee
2025-05-05,Heeled Wedges,Footwear,6,72.55,Instagram
2025-05-05,Casual Kurung,Apparel,14,70.87,Shopee
2025-05-05,Silk Hijab,Apparel,28,28.6,TikTok Shop
2025-05-05,Canvas Sneakers,Footwear,25,57.41,Shopee
2025-05-05,Canvas Sneakers,Footwear,35,44.81,Instagram
2025-05-05,Batik Shirt,Apparel,8,61.56,Shopee
2025-05-05,Heeled Wedges,Footwear,9,63.23,Instagram
2025-05-06,Baju Melayu Set,Apparel,12,84.02,TikTok Shop
2025-05-06,Heeled Wedges,Footwear,36,65.12,Shopee
2025-05-06,Silk Hijab,Apparel,49,25.86,Shopee
2025-05-06,Tote Bag,Accessories,11,28.93,TikTok Shop
2025-05-06,Batik Shirt,Apparel,2,53.38,Shopee
2025-05-06,Baju Melayu Set,Apparel,33,96.89,Shopee
2025-05-06,Printed Blouse,Apparel,39,30.04,Shopee
2025-05-06,Canvas Sneakers,Footwear,25,54.2,TikTok Shop
2025-05-06,Baju Melayu Set,Apparel,38,84.46,Shopee
2025-05-06,Crossbody Bag,Accessories,6,71.51,Shopee
2025-05-06,Baju Melayu Set,Apparel,15,89.91,TikTok Shop
2025-05-06,Tote Bag,Accessories,29,32.12,Shopee
2025-05-07,Baju Melayu Set,Apparel,13,78.34,Shopee
2025-05-07,Silk Hijab,Apparel,31,27.6,Instagram
2025-05-07,Tote Bag,Accessories,12,27.81,TikTok Shop
2025-05-07,Batik Shirt,Apparel,20,54.01,TikTok Shop
2025-05-07,Baju Melayu Set,Apparel,23,95.07,Shopee
2025-05-07,Baju Melayu Set,Apparel,49,87.62,TikTok Shop
2025-05-07,Baju Melayu Set,Apparel,24,82.3,Shopee
2025-05-07,Printed Blouse,Apparel,42,34.1,Shopee
2025-05-07,Canvas Sneakers,Footwear,38,47.62,Shopee
2025-05-07,Tote Bag,Accessories,9,33.8,TikTok Shop
2025-05-07,Tote Bag,Accessories,45,29.68,Shopee
2025-05-07,Crossbody Bag,Accessories,38,66.26,TikTok Shop
2025-05-07,Printed Blouse,Apparel,16,36.16,TikTok Shop
2025-05-07,Printed Blouse,Apparel,14,34.9,Shopee
2025-05-07,Heeled Wedges,Footwear,6,65.33,Shopee
2025-05-07,Batik Shirt,Apparel,10,49.92,Shopee
2025-05-08,Canvas Sneakers,Footwear,46,44.52,Shopee
2025-05-08,Silk Hijab,Apparel,45,29.2,TikTok Shop
2025-05-08,Crossbody Bag,Accessories,18,72.32,TikTok Shop
2025-05-08,Slip-on Sandals,Footwear,34,33.32,Shopee
2025-05-08,Casual Kurung,Apparel,25,75.95,Instagram
2025-05-08,Silk Hijab,Apparel,15,31.95,Shopee
2025-05-08,Slip-on Sandals,Footwear,31,35.01,Instagram
2025-05-08,Canvas Sneakers,Footwear,10,47.52,Shopee
2025-05-08,Heeled Wedges,Footwear,23,58.18,Shopee
2025-05-08,Crossbody Bag,Accessories,20,64.64,Instagram
2025-05-08,Batik Shirt,Apparel,25,54.3,Instagram
2025-05-08,Batik Shirt,Apparel,10,58.81,Shopee
2025-05-08,Silk Hijab,Apparel,25,26.25,Shopee
2025-05-08,Batik Shirt,Apparel,18,50.72,TikTok Shop
2025-05-08,Baju Melayu Set,Apparel,17,91.5,TikTok Shop
2025-05-08,Baju Melayu Set,Apparel,46,83.87,TikTok Shop
2025-05-09,Baju Melayu Set,Apparel,43,78.81,TikTok Shop
2025-05-09,Baju Melayu Set,Apparel,23,95.22,Shopee
2025-05-09,Crossbody Bag,Accessories,21,78.53,Shopee
2025-05-09,Heeled Wedges,Footwear,10,68.45,Instagram
2025-05-09,Slip-on Sandals,Footwear,21,38.79,Shopee
2025-05-09,Crossbody Bag,Accessories,7,71.43,Shopee
2025-05-09,Silk Hijab,Apparel,24,26.65,TikTok Shop
2025-05-09,Heeled Wedges,Footwear,42,58.02,Shopee
2025-05-09,Batik Shirt,Apparel,43,57.69,TikTok Shop
2025-05-09,Casual Kurung,Apparel,11,80.37,Shopee
2025-05-09,Printed Blouse,Apparel,24,37.86,Shopee
2025-05-09,Printed Blouse,Apparel,12,38.26,TikTok Shop
2025-05-09,Casual Kurung,Apparel,10,70.27,Shopee
2025-05-09,Batik Shirt,Apparel,17,47.67,Shopee
2025-05-09,Batik Shirt,Apparel,22,59.25,Shopee
2025-05-10,Slip-on Sandals,Footwear,41,31.14,Instagram
2025-05-10,Silk Hijab,Apparel,49,26.97,TikTok Shop
2025-05-10,Canvas Sneakers,Footwear,39,49.4,Shopee
2025-05-10,Crossbody Bag,Accessories,40,75.15,Shopee
2025-05-10,Slip-on Sandals,Footwear,6,38.89,TikTok Shop
2025-05-10,Casual Kurung,Apparel,34,75.33,Shopee
2025-05-10,Heeled Wedges,Footwear,23,73.11,Instagram
2025-05-10,Tote Bag,Accessories,31,28.34,Shopee
2025-05-10,Casual Kurung,Apparel,28,84.95,TikTok Shop
2025-05-10,Canvas Sneakers,Footwear,16,54.7,Shopee
2025-05-10,Heeled Wedges,Footwear,46,62.94,TikTok Shop
2025-05-10,Slip-on Sandals,Footwear,13,39.12,TikTok Shop
2025-05-10,Silk Hijab,Apparel,11,26.01,Shopee
2025-05-11,Baju Melayu Set,Apparel,43,80.99,Instagram
2025-05-11,Baju Melayu Set,Apparel,4,92.4,Shopee
2025-05-11,Printed Blouse,Apparel,36,35.89,Shopee
2025-05-11,Crossbody Bag,Accessories,20,70.3,Instagram
2025-05-11,Slip-on Sandals,Footwear,28,29.88,Shopee
2025-05-11,Slip-on Sandals,Footwear,36,38.58,Shopee
2025-05-11,Printed Blouse,Apparel,33,30.65,Shopee
2025-05-11,Heeled Wedges,Footwear,5,63.37,Instagram
2025-05-11,Baju Melayu Set,Apparel,47,88.79,Shopee
2025-05-11,Silk Hijab,Apparel,15,28.89,Shopee
2025-05-11,Casual Kurung,Apparel,7,76.2,Shopee
2025-05-11,Canvas Sneakers,Footwear,14,46.35,Shopee
2025-05-11,Slip-on Sandals,Footwear,45,34.01,TikTok Shop
2025-05-11,Canvas Sneakers,Footwear,12,43.94,Shopee
2025-05-11,Casual Kurung,Apparel,8,68.98,TikTok Shop
2025-05-11,Casual Kurung,Apparel,25,81.89,Shopee
2025-05-11,Baju Melayu Set,Apparel,13,77.76,Shopee
2025-05-11,Baju Melayu Set,Apparel,23,89.0,TikTok Shop
2025-05-11,Printed Blouse,Apparel,62,32.31,TikTok Shop
2025-05-12,Baju Melayu Set,Apparel,19,87.42,Shopee
2025-05-12,Casual Kurung,Apparel,14,71.51,Shopee
2025-05-12,Crossbody Bag,Accessories,13,73.87,Shopee
2025-05-12,Canvas Sneakers,Footwear,8,52.37,Shopee
2025-05-12,Printed Blouse,Apparel,36,38.52,TikTok Shop
2025-05-12,Canvas Sneakers,Footwear,34,43.06,Shopee
2025-05-12,Slip-on Sandals,Footwear,14,35.27,Shopee
2025-05-12,Casual Kurung,Apparel,7,68.41,Shopee
2025-05-12,Crossbody Bag,Accessories,9,63.38,TikTok Shop
2025-05-12,Batik Shirt,Apparel,7,61.47,Instagram
2025-05-12,Printed Blouse,Apparel,36,32.23,Shopee
2025-05-12,Batik Shirt,Apparel,51,52.51,TikTok Shop
2025-05-12,Baju Melayu Set,Apparel,25,98.98,TikTok Shop
2025-05-12,Casual Kurung,Apparel,30,79.91,TikTok Shop
2025-05-12,Printed Blouse,Apparel,1,39.27,Instagram
2025-05-12,Silk Hijab,Apparel,7,33.55,Instagram
2025-05-12,Tote Bag,Accessories,14,29.08,TikTok Shop
2025-05-12,Tote Bag,Accessories,43,28.3,Shopee
2025-05-13,Batik Shirt,Apparel,36,55.81,Shopee
2025-05-13,Heeled Wedges,Footwear,21,58.2,Shopee
2025-05-13,Slip-on Sandals,Footwear,31,34.79,Instagram
2025-05-13,Heeled Wedges,Footwear,13,56.08,TikTok Shop
2025-05-13,Crossbody Bag,Accessories,34,77.62,TikTok Shop
2025-05-13,Crossbody Bag,Accessories,5,63.27,Shopee
2025-05-13,Tote Bag,Accessories,26,36.68,TikTok Shop
2025-05-13,Batik Shirt,Apparel,46,51.28,TikTok Shop
2025-05-13,Tote Bag,Accessories,4,34.92,Instagram
2025-05-13,Casual Kurung,Apparel,40,80.53,TikTok Shop
2025-05-13,Heeled Wedges,Footwear,28,73.64,Shopee
2025-05-13,Crossbody Bag,Accessories,26,70.16,Shopee
2025-05-13,Batik Shirt,Apparel,29,53.13,TikTok Shop
2025-05-14,Casual Kurung,Apparel,27,73.13,Shopee
2025-05-14,Tote Bag,Accessories,39,27.41,TikTok Shop
2025-05-14,Casual Kurung,Apparel,29,70.81,Shopee
2025-05-14,Batik Shirt,Apparel,27,53.16,Instagram
2025-05-14,Batik Shirt,Apparel,14,53.0,TikTok Shop
2025-05-14,Slip-on Sandals,Footwear,16,35.0,Shopee
2025-05-14,Silk Hijab,Apparel,3,32.37,Shopee
2025-05-14,Crossbody Bag,Accessories,45,61.65,TikTok Shop
2025-05-14,Silk Hijab,Apparel,6,34.34,Instagram
2025-05-14,Printed Blouse,Apparel,41,31.26,Shopee
2025-05-14,Printed Blouse,Apparel,47,35.9,TikTok Shop
2025-05-14,Canvas Sneakers,Footwear,7,56.92,TikTok Shop
2025-05-14,Baju Melayu Set,Apparel,30,86.31,Shopee
2025-05-14,Printed Blouse,Apparel,20,34.77,Shopee
2025-05-15,Heeled Wedges,Footwear,17,65.11,Shopee
2025-05-15,Casual Kurung,Apparel,16,70.1,Shopee
2025-05-15,Printed Blouse,Apparel,10,37.07,Shopee
2025-05-15,Tote Bag,Accessories,10,35.52,TikTok Shop
2025-05-15,Baju Melayu Set,Apparel,42,81.11,Shopee
2025-05-15,Canvas Sneakers,Footwear,42,48.16,TikTok Shop
2025-05-15,Casual Kurung,Apparel,52,72.04,TikTok Shop
2025-05-15,Crossbody Bag,Accessories,29,70.08,TikTok Shop
2025-05-15,Batik Shirt,Apparel,25,53.87,Instagram
2025-05-15,Printed Blouse,Apparel,31,34.04,Shopee
2025-05-15,Crossbody Bag,Accessories,14,59.71,Shopee
2025-05-15,Batik Shirt,Apparel,36,50.64,Instagram
2025-05-15,Silk Hijab,Apparel,20,31.67,Instagram
2025-05-15,Baju Melayu Set,Apparel,20,101.82,Shopee
2025-05-16,Heeled Wedges,Footwear,14,61.65,TikTok Shop
2025-05-16,Printed Blouse,Apparel,7,34.12,Shopee
2025-05-16,Silk Hijab,Apparel,13,31.53,Shopee
2025-05-16,Baju Melayu Set,Apparel,9,88.54,Shopee
2025-05-16,Baju Melayu Set,Apparel,20,102.91,Instagram
2025-05-16,Canvas Sneakers,Footwear,22,54.06,Instagram
2025-05-16,Batik Shirt,Apparel,38,51.59,TikTok Shop
2025-05-16,Silk Hijab,Apparel,37,28.14,Shopee
2025-05-16,Heeled Wedges,Footwear,6,65.98,TikTok Shop
2025-05-16,Baju Melayu Set,Apparel,35,89.41,Shopee
2025-05-16,Canvas Sneakers,Footwear,20,54.61,TikTok Shop
2025-05-16,Batik Shirt,Apparel,34,56.02,Shopee
2025-05-16,Printed Blouse,Apparel,10,36.64,Shopee
2025-05-17,Batik Shirt,Apparel,37,57.47,Shopee
2025-05-17,Slip-on Sandals,Footwear,39,33.9,TikTok Shop
2025-05-17,Casual Kurung,Apparel,10,72.19,Shopee
2025-05-17,Silk Hijab,Apparel,2,33.44,Shopee
2025-05-17,Casual Kurung,Apparel,10,83.73,Shopee
2025-05-17,Silk Hijab,Apparel,31,29.27,Shopee
2025-05-17,Batik Shirt,Apparel,52,56.25,TikTok Shop
2025-05-17,Batik Shirt,Apparel,6,50.51,Instagram
2025-05-17,Canvas Sneakers,Footwear,55,42.61,TikTok Shop
2025-05-17,Crossbody Bag,Accessories,32,64.21,Shopee
2025-05-17,Tote Bag,Accessories,38,32.13,Shopee
2025-05-18,Printed Blouse,Apparel,27,31.62,Shopee
2025-05-18,Heeled Wedges,Footwear,34,69.37,Shopee
2025-05-18,Slip-on Sandals,Footwear,25,31.66,Shopee
2025-05-18,Tote Bag,Accessories,27,29.74,Shopee
2025-05-18,Baju Melayu Set,Apparel,46,88.64,TikTok Shop
2025-05-18,Baju Melayu Set,Apparel,17,99.1,Shopee
2025-05-18,Batik Shirt,Apparel,23,58.39,TikTok Shop
2025-05-18,Batik Shirt,Apparel,32,61.97,Shopee
2025-05-18,Printed Blouse,Apparel,41,33.52,TikTok Shop
2025-05-18,Batik Shirt,Apparel,27,49.31,Shopee
2025-05-18,Tote Bag,Accessories,30,28.18,TikTok Shop
2025-05-18,Slip-on Sandals,Footwear,14,37.21,Shopee
2025-05-18,Batik Shirt,Apparel,56,47.52,Shopee
2025-05-18,Crossbody Bag,Accessories,30,71.98,Instagram
2025-05-18,Heeled Wedges,Footwear,32,74.0,TikTok Shop
2025-05-18,Canvas Sneakers,Footwear,31,54.6,Shopee
2025-05-18,Casual Kurung,Apparel,54,72.87,TikTok Shop
2025-05-18,Crossbody Bag,Accessories,27,77.1,TikTok Shop
2025-05-19,Baju Melayu Set,Apparel,6,90.14,Shopee
2025-05-19,Baju Melayu Set,Apparel,8,99.16,Instagram
2025-05-19,Baju Melayu Set,Apparel,26,84.39,TikTok Shop
2025-05-19,Batik Shirt,Apparel,28,56.77,Shopee
2025-05-19,Heeled Wedges,Footwear,22,73.99,TikTok Shop
2025-05-19,Tote Bag,Accessories,28,30.98,Shopee
2025-05-19,Batik Shirt,Apparel,24,51.54,TikTok Shop
2025-05-19,Canvas Sneakers,Footwear,21,57.46,Instagram
2025-05-19,Silk Hijab,Apparel,2,34.02,TikTok Shop
2025-05-19,Crossbody Bag,Accessories,19,61.28,Shopee
2025-05-19,Batik Shirt,Apparel,5,59.25,Shopee
2025-05-19,Batik Shirt,Apparel,11,62.32,Shopee
2025-05-19,Printed Blouse,Apparel,28,34.79,Shopee
2025-05-19,Canvas Sneakers,Footwear,22,49.64,Shopee
2025-05-19,Printed Blouse,Apparel,20,39.69,TikTok Shop
2025-05-19,Heeled Wedges,Footwear,46,56.24,Shopee
2025-05-19,Heeled Wedges,Footwear,24,74.65,Instagram
2025-05-19,Printed Blouse,Apparel,12,37.59,Instagram
2025-05-19,Tote Bag,Accessories,17,30.89,TikTok Shop
2025-05-19,Tote Bag,Accessories,17,36.71,Shopee
2025-05-19,Slip-on Sandals,Footwear,48,31.47,TikTok Shop
2025-05-20,Heeled Wedges,Footwear,25,60.47,TikTok Shop
2025-05-20,Slip-on Sandals,Footwear,7,38.8,Shopee
2025-05-20,Heeled Wedges,Footwear,15,72.03,TikTok Shop
2025-05-20,Casual Kurung,Apparel,19,74.93,Shopee
2025-05-20,Casual Kurung,Apparel,14,85.52,Shopee
2025-05-20,Batik Shirt,Apparel,18,62.87,Instagram
2025-05-20,Heeled Wedges,Footwear,33,56.47,Instagram
2025-05-20,Crossbody Bag,Accessories,13,73.32,Instagram
2025-05-20,Tote Bag,Accessories,30,36.49,TikTok Shop
2025-05-20,Silk Hijab,Apparel,8,32.48,TikTok Shop
2025-05-20,Heeled Wedges,Footwear,36,60.21,TikTok Shop
2025-05-20,Batik Shirt,Apparel,5,62.61,Shopee
2025-05-20,Tote Bag,Accessories,7,35.33,Shopee
2025-05-20,Baju Melayu Set,Apparel,18,97.83,Shopee
2025-05-20,Baju Melayu Set,Apparel,9,89.38,TikTok Shop
2025-05-20,Batik Shirt,Apparel,21,48.96,Shopee
2025-05-20,Baju Melayu Set,Apparel,8,99.96,Instagram
2025-05-21,Slip-on Sandals,Footwear,32,38.82,TikTok Shop
2025-05-21,Tote Bag,Accessories,14,27.36,Instagram
2025-05-21,Casual Kurung,Apparel,22,65.03,Shopee
2025-05-21,Slip-on Sandals,Footwear,6,36.38,Instagram
2025-05-21,Tote Bag,Accessories,7,30.89,Shopee
2025-05-21,Slip-on Sandals,Footwear,8,35.69,TikTok Shop
2025-05-21,Casual Kurung,Apparel,36,84.41,TikTok Shop
2025-05-21,Canvas Sneakers,Footwear,6,51.04,Shopee
2025-05-21,Baju Melayu Set,Apparel,42,78.59,TikTok Shop
2025-05-21,Tote Bag,Accessories,19,36.79,Instagram
2025-05-21,Slip-on Sandals,Footwear,13,33.97,TikTok Shop
2025-05-22,Slip-on Sandals,Footwear,40,37.12,TikTok Shop
2025-05-22,Canvas Sneakers,Footwear,51,44.83,TikTok Shop
2025-05-22,Crossbody Bag,Accessories,24,61.93,Shopee
2025-05-22,Slip-on Sandals,Footwear,5,38.02,Shopee
2025-05-22,Heeled Wedges,Footwear,14,69.39,TikTok Shop
2025-05-22,Heeled Wedges,Footwear,14,60.1,TikTok Shop
2025-05-22,Batik Shirt,Apparel,5,55.36,TikTok Shop
2025-05-23,Slip-on Sandals,Footwear,29,38.19,Shopee
2025-05-23,Batik Shirt,Apparel,34,49.03,Shopee
2025-05-23,Tote Bag,Accessories,24,36.69,Shopee
2025-05-23,Baju Melayu Set,Apparel,18,99.89,Shopee
2025-05-23,Canvas Sneakers,Footwear,15,54.31,Shopee
2025-05-23,Slip-on Sandals,Footwear,26,31.96,Shopee
2025-05-23,Heeled Wedges,Footwear,10,66.05,Shopee
2025-05-23,Printed Blouse,Apparel,13,37.39,TikTok Shop
2025-05-23,Batik Shirt,Apparel,24,51.7,Shopee
2025-05-24,Baju Melayu Set,Apparel,9,94.92,Instagram
2025-05-24,Baju Melayu Set,Apparel,44,95.08,TikTok Shop
2025-05-24,Crossbody Bag,Accessories,7,75.57,TikTok Shop
2025-05-24,Canvas Sneakers,Footwear,18,52.65,TikTok Shop
2025-05-24,Slip-on Sandals,Footwear,49,31.98,Shopee
2025-05-24,Silk Hijab,Apparel,19,26.13,Shopee
2025-05-24,Canvas Sneakers,Footwear,10,49.4,Shopee
2025-05-24,Crossbody Bag,Accessories,37,72.71,Shopee
2025-05-24,Canvas Sneakers,Footwear,33,55.28,Shopee
2025-05-24,Batik Shirt,Apparel,21,57.76,Shopee
2025-05-24,Batik Shirt,Apparel,36,51.71,Shopee
2025-05-24,Tote Bag,Accessories,14,27.77,Instagram
2025-05-24,Silk Hijab,Apparel,30,29.16,TikTok Shop
2025-05-24,Heeled Wedges,Footwear,7,71.61,TikTok Shop
2025-05-24,Tote Bag,Accessories,23,32.33,Shopee
2025-05-24,Tote Bag,Accessories,33,34.34,Shopee
2025-05-24,Batik Shirt,Apparel,56,47.09,TikTok Shop
2025-05-25,Silk Hijab,Apparel,55,27.01,Instagram
2025-05-25,Heeled Wedges,Footwear,27,59.19,Shopee
2025-05-25,Baju Melayu Set,Apparel,41,90.5,Instagram
2025-05-25,Casual Kurung,Apparel,61,70.66,Shopee
2025-05-25,Baju Melayu Set,Apparel,16,102.15,Shopee
2025-05-25,Tote Bag,Accessories,96,27.24,TikTok Shop
2025-05-25,Baju Melayu Set,Apparel,47,90.35,Instagram
2025-05-25,Crossbody Bag,Accessories,58,61.55,TikTok Shop
2025-05-25,Slip-on Sandals,Footwear,37,40.07,Shopee
2025-05-25,Slip-on Sandals,Footwear,49,33.07,Shopee
2025-05-25,Canvas Sneakers,Footwear,45,42.8,TikTok Shop
2025-05-25,Slip-on Sandals,Footwear,37,37.66,Shopee
2025-05-26,Crossbody Bag,Accessories,47,62.12,TikTok Shop
2025-05-26,Silk Hijab,Apparel,59,30.18,TikTok Shop
2025-05-26,Baju Melayu Set,Apparel,6,91.07,Shopee
2025-05-26,Heeled Wedges,Footwear,61,59.72,TikTok Shop
2025-05-26,Canvas Sneakers,Footwear,20,55.58,Instagram
2025-05-26,Baju Melayu Set,Apparel,41,77.77,Instagram
2025-05-26,Printed Blouse,Apparel,44,35.89,Shopee
2025-05-26,Batik Shirt,Apparel,2,61.8,Shopee
2025-05-26,Crossbody Bag,Accessories,43,69.77,Shopee
2025-05-26,Casual Kurung,Apparel,44,81.69,TikTok Shop
2025-05-26,Baju Melayu Set,Apparel,31,95.76,TikTok Shop
2025-05-26,Casual Kurung,Apparel,42,74.43,Shopee
2025-05-26,Casual Kurung,Apparel,28,81.97,Shopee
2025-05-26,Canvas Sneakers,Footwear,47,47.73,Shopee
2025-05-26,Crossbody Bag,Accessories,9,70.79,Shopee
2025-05-27,Silk Hijab,Apparel,40,28.14,Shopee
2025-05-27,Printed Blouse,Apparel,3,39.19,Instagram
2025-05-27,Crossbody Bag,Accessories,15,76.43,Shopee
2025-05-27,Silk Hijab,Apparel,15,32.65,Instagram
2025-05-27,Slip-on Sandals,Footwear,27,39.72,Shopee
2025-05-27,Slip-on Sandals,Footwear,28,38.31,Instagram
2025-05-27,Batik Shirt,Apparel,22,54.73,Shopee
2025-05-27,Silk Hijab,Apparel,11,33.89,Shopee
2025-05-27,Crossbody Bag,Accessories,23,66.29,Shopee
2025-05-27,Canvas Sneakers,Footwear,59,45.91,TikTok Shop
2025-05-27,Tote Bag,Accessories,18,35.21,Shopee
2025-05-28,Batik Shirt,Apparel,33,57.1,Instagram
2025-05-28,Casual Kurung,Apparel,7,73.85,TikTok Shop
2025-05-28,Casual Kurung,Apparel,34,69.68,Instagram
2025-05-28,Tote Bag,Accessories,15,32.78,TikTok Shop
2025-05-28,Crossbody Bag,Accessories,31,66.65,TikTok Shop
2025-05-28,Heeled Wedges,Footwear,23,64.21,Shopee
2025-05-29,Casual Kurung,Apparel,53,74.02,TikTok Shop
2025-05-29,Heeled Wedges,Footwear,28,59.03,TikTok Shop
2025-05-29,Heeled Wedges,Footwear,59,61.5,TikTok Shop
2025-05-29,Batik Shirt,Apparel,27,61.02,TikTok Shop
2025-05-29,Tote Bag,Accessories,29,29.76,Shopee
2025-05-29,Heeled Wedges,Footwear,36,59.53,Shopee
2025-05-29,Crossbody Bag,Accessories,43,64.28,Shopee
2025-05-29,Batik Shirt,Apparel,42,55.76,Shopee
2025-05-29,Crossbody Bag,Accessories,24,65.64,Instagram
2025-05-29,Silk Hijab,Apparel,50,26.2,TikTok Shop
2025-05-29,Slip-on Sandals,Footwear,14,34.92,TikTok Shop
2025-05-29,Heeled Wedges,Footwear,23,70.65,Shopee
2025-05-30,Baju Melayu Set,Apparel,34,89.22,Shopee
2025-05-30,Crossbody Bag,Accessories,34,73.15,Shopee
2025-05-30,Baju Melayu Set,Apparel,22,103.22,TikTok Shop
2025-05-30,Tote Bag,Accessories,47,31.32,TikTok Shop
2025-05-30,Silk Hijab,Apparel,35,30.37,TikTok Shop
2025-05-30,Canvas Sneakers,Footwear,36,51.43,Instagram
2025-05-30,Silk Hijab,Apparel,39,29.45,Instagram
2025-05-30,Slip-on Sandals,Footwear,15,34.27,Instagram
2025-05-30,Silk Hijab,Apparel,26,29.07,Shopee
2025-05-30,Silk Hijab,Apparel,33,28.52,Shopee
2025-05-30,Tote Bag,Accessories,13,32.85,TikTok Shop
2025-05-31,Silk Hijab,Apparel,25,29.86,Instagram
2025-05-31,Baju Melayu Set,Apparel,39,102.81,Shopee
2025-05-31,Heeled Wedges,Footwear,59,56.96,Shopee
2025-05-31,Batik Shirt,Apparel,54,55.09,Shopee
2025-05-31,Canvas Sneakers,Footwear,71,47.48,TikTok Shop
2025-05-31,Batik Shirt,Apparel,46,58.06,Shopee
2025-05-31,Slip-on Sandals,Footwear,58,34.5,Shopee
2025-05-31,Crossbody Bag,Accessories,53,63.48,Instagram
2025-05-31,Crossbody Bag,Accessories,16,76.18,TikTok Shop
2025-05-31,Tote Bag,Accessories,14,29.76,Instagram
2025-05-31,Crossbody Bag,Accessories,71,62.53,TikTok Shop
2025-05-31,Printed Blouse,Apparel,23,31.62,Shopee
2025-05-31,Slip-on Sandals,Footwear,16,35.92,TikTok Shop
2025-05-31,Baju Melayu Set,Apparel,34,91.8,TikTok Shop
2025-05-31,Casual Kurung,Apparel,67,69.99,Shopee
2025-05-31,Heeled Wedges,Footwear,24,58.38,Shopee
2025-05-31,Batik Shirt,Apparel,30,53.55,Instagram
2025-05-31,Canvas Sneakers,Footwear,21,44.35,Shopee
2025-05-31,Crossbody Bag,Accessories,4,73.19,Shopee
2025-05-31,Canvas Sneakers,Footwear,26,45.93,TikTok Shop
2025-06-01,Casual Kurung,Apparel,39,70.73,Shopee
2025-06-01,Printed Blouse,Apparel,34,35.68,TikTok Shop
2025-06-01,Baju Melayu Set,Apparel,29,92.25,TikTok Shop
2025-06-01,Crossbody Bag,Accessories,30,79.49,TikTok Shop
2025-06-01,Batik Shirt,Apparel,10,54.95,TikTok Shop
2025-06-01,Baju Melayu Set,Apparel,45,86.26,TikTok Shop
2025-06-01,Heeled Wedges,Footwear,43,59.54,Shopee
2025-06-01,Printed Blouse,Apparel,36,33.07,Instagram
2025-06-02,Printed Blouse,Apparel,13,30.56,Shopee
2025-06-02,Canvas Sneakers,Footwear,9,55.67,Shopee
2025-06-02,Crossbody Bag,Accessories,22,79.93,Instagram
2025-06-02,Heeled Wedges,Footwear,21,69.6,TikTok Shop
2025-06-02,Batik Shirt,Apparel,20,47.55,Shopee
2025-06-02,Tote Bag,Accessories,18,27.88,Shopee
2025-06-02,Baju Melayu Set,Apparel,31,101.11,TikTok Shop
2025-06-02,Tote Bag,Accessories,15,36.73,Shopee
2025-06-02,Heeled Wedges,Footwear,8,63.48,Shopee
2025-06-02,Slip-on Sandals,Footwear,16,37.91,TikTok Shop
2025-06-02,Tote Bag,Accessories,7,29.34,Shopee
2025-06-03,Printed Blouse,Apparel,21,36.0,Shopee
2025-06-03,Casual Kurung,Apparel,21,85.94,Instagram
2025-06-03,Casual Kurung,Apparel,10,85.02,TikTok Shop
2025-06-03,Batik Shirt,Apparel,4,58.49,Instagram
2025-06-03,Printed Blouse,Apparel,26,36.33,TikTok Shop
2025-06-03,Baju Melayu Set,Apparel,27,89.14,Shopee
2025-06-03,Silk Hijab,Apparel,22,33.34,TikTok Shop
2025-06-03,Heeled Wedges,Footwear,4,70.06,Shopee
2025-06-03,Baju Melayu Set,Apparel,2,80.19,Shopee
2025-06-04,Slip-on Sandals,Footwear,7,40.07,Shopee
2025-06-04,Crossbody Bag,Accessories,50,68.29,TikTok Shop
2025-06-04,Silk Hijab,Apparel,34,26.65,Shopee
2025-06-04,Silk Hijab,Apparel,13,31.44,Shopee
2025-06-04,Heeled Wedges,Footwear,11,61.36,Instagram
2025-06-04,Silk Hijab,Apparel,3,31.49,Shopee
2025-06-04,Baju Melayu Set,Apparel,32,99.37,TikTok Shop
2025-06-04,Silk Hijab,Apparel,29,28.24,TikTok Shop
2025-06-04,Slip-on Sandals,Footwear,6,39.23,Shopee
2025-06-04,Baju Melayu Set,Apparel,42,90.63,TikTok Shop
2025-06-04,Baju Melayu Set,Apparel,5,93.2,TikTok Shop
2025-06-04,Tote Bag,Accessories,42,32.36,Shopee
2025-06-04,Tote Bag,Accessories,12,33.94,TikTok Shop
2025-06-04,Silk Hijab,Apparel,32,27.15,Shopee
2025-06-05,Tote Bag,Accessories,24,36.76,Shopee
2025-06-05,Tote Bag,Accessories,15,32.52,Shopee
2025-06-05,Heeled Wedges,Footwear,46,59.5,TikTok Shop
2025-06-05,Baju Melayu Set,Apparel,22,77.66,Shopee
2025-06-05,Canvas Sneakers,Footwear,8,50.73,Instagram
2025-06-05,Batik Shirt,Apparel,14,59.25,Shopee
2025-06-05,Heeled Wedges,Footwear,7,72.74,Instagram
2025-06-05,Heeled Wedges,Footwear,9,72.59,Shopee
2025-06-05,Casual Kurung,Apparel,12,77.65,Shopee
2025-06-05,Tote Bag,Accessories,31,35.14,TikTok Shop
2025-06-05,Batik Shirt,Apparel,21,58.84,TikTok Shop
2025-06-05,Printed Blouse,Apparel,25,37.2,Instagram
2025-06-05,Casual Kurung,Apparel,23,82.51,Instagram
2025-06-05,Printed Blouse,Apparel,18,31.08,Shopee
2025-06-05,Slip-on Sandals,Footwear,44,33.17,Shopee
2025-06-05,Batik Shirt,Apparel,34,56.84,Shopee
2025-06-05,Heeled Wedges,Footwear,18,72.68,Shopee
2025-06-06,Tote Bag,Accessories,34,31.34,Shopee
2025-06-06,Silk Hijab,Apparel,10,32.29,Shopee
2025-06-06,Tote Bag,Accessories,35,34.2,Shopee
2025-06-06,Baju Melayu Set,Apparel,5,97.53,Shopee
2025-06-06,Heeled Wedges,Footwear,44,55.83,Shopee
2025-06-06,Slip-on Sandals,Footwear,35,34.73,Shopee
2025-06-06,Tote Bag,Accessories,22,33.7,Shopee
2025-06-06,Batik Shirt,Apparel,42,58.3,TikTok Shop
2025-06-06,Heeled Wedges,Footwear,18,60.86,Shopee
2025-06-06,Baju Melayu Set,Apparel,31,96.57,Instagram
2025-06-06,Silk Hijab,Apparel,11,29.65,Shopee
2025-06-06,Tote Bag,Accessories,30,27.76,Shopee
2025-06-06,Heeled Wedges,Footwear,29,64.64,Shopee
2025-06-06,Crossbody Bag,Accessories,18,75.93,TikTok Shop
2025-06-07,Casual Kurung,Apparel,39,64.26,Shopee
2025-06-07,Batik Shirt,Apparel,7,49.7,Shopee
2025-06-07,Slip-on Sandals,Footwear,46,35.85,TikTok Shop
2025-06-07,Silk Hijab,Apparel,22,34.25,Shopee
2025-06-07,Heeled Wedges,Footwear,39,61.13,Instagram
2025-06-07,Crossbody Bag,Accessories,39,79.06,Shopee
2025-06-07,Heeled Wedges,Footwear,18,73.96,Shopee
2025-06-07,Tote Bag,Accessories,75,28.08,TikTok Shop
2025-06-07,Batik Shirt,Apparel,13,56.35,Instagram
2025-06-07,Casual Kurung,Apparel,24,76.49,Shopee
2025-06-07,Printed Blouse,Apparel,9,39.01,Shopee
2025-06-07,Tote Bag,Accessories,47,30.11,Shopee
2025-06-08,Printed Blouse,Apparel,7,40.22,Shopee
2025-06-08,Heeled Wedges,Footwear,34,65.49,TikTok Shop
2025-06-08,Casual Kurung,Apparel,45,70.46,Shopee
2025-06-08,Batik Shirt,Apparel,8,58.07,Shopee
2025-06-08,Baju Melayu Set,Apparel,34,93.69,Instagram
2025-06-08,Crossbody Bag,Accessories,45,60.81,Shopee
2025-06-08,Tote Bag,Accessories,52,27.24,Shopee
2025-06-08,Tote Bag,Accessories,27,33.07,TikTok Shop
2025-06-08,Heeled Wedges,Footwear,59,64.58,TikTok Shop
2025-06-09,Silk Hijab,Apparel,13,27.56,TikTok Shop
2025-06-09,Batik Shirt,Apparel,36,47.14,TikTok Shop
2025-06-09,Slip-on Sandals,Footwear,32,32.15,Shopee
2025-06-09,Crossbody Bag,Accessories,21,63.71,Shopee
2025-06-09,Tote Bag,Accessories,8,34.3,Instagram
2025-06-09,Printed Blouse,Apparel,41,32.29,TikTok Shop
2025-06-09,Batik Shirt,Apparel,14,60.9,Shopee
2025-06-09,Slip-on Sandals,Footwear,32,37.77,Shopee
2025-06-09,Silk Hijab,Apparel,6,33.79,Shopee
2025-06-09,Baju Melayu Set,Apparel,8,94.88,Shopee
2025-06-09,Crossbody Bag,Accessories,9,62.64,TikTok Shop
2025-06-09,Printed Blouse,Apparel,31,32.65,Shopee
2025-06-10,Slip-on Sandals,Footwear,17,40.12,Shopee
2025-06-10,Canvas Sneakers,Footwear,19,57.46,Shopee
2025-06-10,Crossbody Bag,Accessories,44,66.73,Shopee
2025-06-10,Crossbody Bag,Accessories,28,61.73,Shopee
2025-06-10,Printed Blouse,Apparel,4,37.91,Shopee
2025-06-10,Canvas Sneakers,Footwear,38,43.32,Shopee
2025-06-10,Canvas Sneakers,Footwear,24,52.54,Shopee
2025-06-10,Slip-on Sandals,Footwear,24,33.66,Shopee
2025-06-10,Slip-on Sandals,Footwear,5,39.12,TikTok Shop
2025-06-10,Slip-on Sandals,Footwear,11,38.59,TikTok Shop
2025-06-10,Crossbody Bag,Accessories,11,68.77,Shopee
2025-06-10,Canvas Sneakers,Footwear,11,49.66,TikTok Shop
2025-06-10,Slip-on Sandals,Footwear,31,35.09,TikTok Shop
2025-06-10,Batik Shirt,Apparel,17,58.57,Shopee
2025-06-11,Crossbody Bag,Accessories,48,61.56,Shopee
2025-06-11,Casual Kurung,Apparel,29,72.81,TikTok Shop
2025-06-11,Casual Kurung,Apparel,47,71.35,TikTok Shop
2025-06-11,Casual Kurung,Apparel,41,70.38,Shopee
2025-06-11,Baju Melayu Set,Apparel,37,99.54,TikTok Shop
2025-06-11,Slip-on Sandals,Footwear,26,37.34,Shopee
2025-06-11,Slip-on Sandals,Footwear,13,37.69,Shopee
2025-06-11,Crossbody Bag,Accessories,21,65.73,Instagram
2025-06-11,Batik Shirt,Apparel,36,57.29,Shopee
2025-06-11,Crossbody Bag,Accessories,12,76.11,Shopee
2025-06-11,Canvas Sneakers,Footwear,31,51.6,TikTok Shop
2025-06-11,Casual Kurung,Apparel,18,76.69,Shopee
2025-06-11,Tote Bag,Accessories,45,29.25,TikTok Shop
2025-06-11,Casual Kurung,Apparel,23,64.36,TikTok Shop
2025-06-12,Crossbody Bag,Accessories,34,75.62,TikTok Shop
2025-06-12,Crossbody Bag,Accessories,33,61.76,Instagram
2025-06-12,Silk Hijab,Apparel,14,31.6,TikTok Shop
2025-06-12,Casual Kurung,Apparel,9,71.86,TikTok Shop
2025-06-12,Slip-on Sandals,Footwear,12,39.33,Shopee
2025-06-12,Heeled Wedges,Footwear,28,62.57,Shopee
2025-06-12,Casual Kurung,Apparel,21,75.25,TikTok Shop
2025-06-12,Silk Hijab,Apparel,13,26.96,Shopee
2025-06-12,Canvas Sneakers,Footwear,36,46.24,Shopee
2025-06-12,Tote Bag,Accessories,23,35.64,Instagram
2025-06-12,Slip-on Sandals,Footwear,18,34.02,Shopee
2025-06-13,Canvas Sneakers,Footwear,29,52.34,Shopee
2025-06-13,Canvas Sneakers,Footwear,40,51.71,TikTok Shop
2025-06-13,Baju Melayu Set,Apparel,20,90.45,Shopee
2025-06-13,Canvas Sneakers,Footwear,15,47.01,Instagram
2025-06-13,Slip-on Sandals,Footwear,9,34.94,TikTok Shop
2025-06-13,Batik Shirt,Apparel,28,60.63,Shopee
2025-06-13,Crossbody Bag,Accessories,34,61.11,Shopee
2025-06-13,Baju Melayu Set,Apparel,25,96.14,TikTok Shop
2025-06-13,Silk Hijab,Apparel,33,29.52,Instagram
2025-06-13,Printed Blouse,Apparel,36,33.54,Instagram
2025-06-13,Tote Bag,Accessories,8,29.3,Instagram
2025-06-13,Batik Shirt,Apparel,27,51.83,Shopee
2025-06-13,Tote Bag,Accessories,14,36.57,TikTok Shop
2025-06-14,Batik Shirt,Apparel,33,47.83,Shopee
2025-06-14,Batik Shirt,Apparel,28,61.88,TikTok Shop
2025-06-14,Batik Shirt,Apparel,9,51.51,Shopee
2025-06-14,Canvas Sneakers,Footwear,47,49.57,TikTok Shop
2025-06-14,Canvas Sneakers,Footwear,27,49.31,Shopee
2025-06-14,Casual Kurung,Apparel,25,63.84,Shopee
2025-06-14,Canvas Sneakers,Footwear,37,49.14,Shopee
2025-06-14,Tote Bag,Accessories,51,30.28,TikTok Shop
2025-06-14,Baju Melayu Set,Apparel,36,101.85,TikTok Shop
2025-06-14,Slip-on Sandals,Footwear,17,35.45,Instagram
2025-06-14,Tote Bag,Accessories,37,36.67,TikTok Shop
2025-06-14,Crossbody Bag,Accessories,54,68.99,TikTok Shop
2025-06-14,Baju Melayu Set,Apparel,25,83.85,Shopee
2025-06-14,Baju Melayu Set,Apparel,24,98.06,Shopee
2025-06-15,Batik Shirt,Apparel,36,47.6,Shopee
2025-06-15,Crossbody Bag,Accessories,14,78.84,Shopee
2025-06-15,Crossbody Bag,Accessories,14,65.04,Instagram
2025-06-15,Heeled Wedges,Footwear,28,65.53,TikTok Shop
2025-06-15,Tote Bag,Accessories,12,32.0,Shopee
2025-06-15,Tote Bag,Accessories,45,32.69,Shopee
2025-06-15,Canvas Sneakers,Footwear,22,54.18,Instagram
2025-06-15,Crossbody Bag,Accessories,18,78.03,Instagram
2025-06-15,Batik Shirt,Apparel,45,46.87,Shopee
2025-06-15,Batik Shirt,Apparel,34,57.88,Shopee
2025-06-16,Tote Bag,Accessories,24,30.42,Shopee
2025-06-16,Crossbody Bag,Accessories,20,78.51,TikTok Shop
2025-06-16,Crossbody Bag,Accessories,38,62.3,TikTok Shop
2025-06-16,Silk Hijab,Apparel,19,27.69,Shopee
2025-06-16,Canvas Sneakers,Footwear,7,53.53,Instagram
2025-06-16,Heeled Wedges,Footwear,19,62.28,Shopee
2025-06-16,Heeled Wedges,Footwear,11,74.4,Shopee
2025-06-16,Baju Melayu Set,Apparel,40,78.48,TikTok Shop
2025-06-16,Heeled Wedges,Footwear,9,57.03,Shopee
2025-06-16,Silk Hijab,Apparel,44,26.57,Shopee
2025-06-16,Slip-on Sandals,Footwear,5,32.33,Shopee
2025-06-16,Baju Melayu Set,Apparel,22,93.97,TikTok Shop
2025-06-17,Silk Hijab,Apparel,31,28.82,TikTok Shop
2025-06-17,Batik Shirt,Apparel,30,59.85,Shopee
2025-06-17,Canvas Sneakers,Footwear,6,48.22,Shopee
2025-06-17,Heeled Wedges,Footwear,28,62.14,Instagram
2025-06-17,Heeled Wedges,Footwear,13,74.63,Shopee
2025-06-17,Batik Shirt,Apparel,22,49.61,TikTok Shop
2025-06-17,Silk Hijab,Apparel,6,27.33,Shopee
2025-06-17,Batik Shirt,Apparel,14,63.18,TikTok Shop
2025-06-17,Crossbody Bag,Accessories,25,61.43,Shopee
2025-06-17,Baju Melayu Set,Apparel,7,103.14,TikTok Shop
2025-06-17,Batik Shirt,Apparel,13,59.3,TikTok Shop
2025-06-17,Printed Blouse,Apparel,32,30.51,Shopee
2025-06-17,Heeled Wedges,Footwear,20,71.7,Shopee
2025-06-17,Tote Bag,Accessories,9,28.88,Shopee
2025-06-17,Canvas Sneakers,Footwear,17,51.8,TikTok Shop
2025-06-17,Slip-on Sandals,Footwear,9,34.76,TikTok Shop
2025-06-17,Heeled Wedges,Footwear,14,72.39,TikTok Shop
2025-06-18,Heeled Wedges,Footwear,28,67.6,Shopee
2025-06-18,Printed Blouse,Apparel,7,33.4,TikTok Shop
2025-06-18,Casual Kurung,Apparel,33,82.44,Shopee
2025-06-18,Canvas Sneakers,Footwear,38,46.37,Shopee
2025-06-18,Slip-on Sandals,Footwear,20,35.76,Shopee
2025-06-18,Baju Melayu Set,Apparel,19,101.47,TikTok Shop
2025-06-18,Silk Hijab,Apparel,41,28.98,TikTok Shop
2025-06-18,Heeled Wedges,Footwear,42,57.44,TikTok Shop
2025-06-18,Tote Bag,Accessories,27,32.39,Instagram
2025-06-18,Casual Kurung,Apparel,32,74.32,Shopee
2025-06-18,Crossbody Bag,Accessories,55,61.6,TikTok Shop
2025-06-18,Slip-on Sandals,Footwear,18,39.43,Shopee
2025-06-18,Printed Blouse,Apparel,7,32.31,TikTok Shop
2025-06-18,Casual Kurung,Apparel,39,70.13,TikTok Shop
2025-06-18,Slip-on Sandals,Footwear,17,36.9,Shopee
2025-06-19,Slip-on Sandals,Footwear,12,33.91,TikTok Shop
2025-06-19,Casual Kurung,Apparel,10,80.03,TikTok Shop
2025-06-19,Batik Shirt,Apparel,7,58.6,Shopee
2025-06-19,Printed Blouse,Apparel,18,39.71,Shopee
2025-06-19,Printed Blouse,Apparel,16,38.24,TikTok Shop
2025-06-19,Canvas Sneakers,Footwear,26,47.7,Shopee
2025-06-19,Silk Hijab,Apparel,19,34.4,Shopee
2025-06-19,Casual Kurung,Apparel,8,80.17,TikTok Shop
2025-06-19,Batik Shirt,Apparel,32,49.75,Shopee
2025-06-19,Slip-on Sandals,Footwear,20,36.28,TikTok Shop
2025-06-19,Heeled Wedges,Footwear,32,59.16,Shopee
2025-06-19,Slip-on Sandals,Footwear,15,31.88,Shopee
2025-06-19,Printed Blouse,Apparel,10,32.21,Shopee
2025-06-19,Batik Shirt,Apparel,22,62.54,Instagram
2025-06-20,Slip-on Sandals,Footwear,18,38.65,Shopee
2025-06-20,Canvas Sneakers,Footwear,32,52.02,TikTok Shop
2025-06-20,Slip-on Sandals,Footwear,37,31.67,Shopee
2025-06-20,Heeled Wedges,Footwear,14,55.47,Shopee
2025-06-20,Printed Blouse,Apparel,24,37.22,Shopee
2025-06-20,Baju Melayu Set,Apparel,12,93.02,Shopee
2025-06-20,Silk Hijab,Apparel,30,29.16,Shopee
2025-06-20,Crossbody Bag,Accessories,7,78.89,Instagram
2025-06-21,Silk Hijab,Apparel,43,27.57,Instagram
2025-06-21,Batik Shirt,Apparel,37,55.72,TikTok Shop
2025-06-21,Tote Bag,Accessories,24,35.0,Shopee
2025-06-21,Batik Shirt,Apparel,33,57.19,Shopee
2025-06-21,Printed Blouse,Apparel,8,39.06,TikTok Shop
2025-06-21,Crossbody Bag,Accessories,50,71.98,TikTok Shop
2025-06-21,Printed Blouse,Apparel,37,31.69,Instagram
2025-06-21,Canvas Sneakers,Footwear,43,50.08,Shopee
2025-06-21,Heeled Wedges,Footwear,19,63.53,Instagram
2025-06-21,Printed Blouse,Apparel,49,32.77,Instagram
2025-06-22,Silk Hijab,Apparel,36,28.28,Instagram
2025-06-22,Slip-on Sandals,Footwear,34,35.61,Shopee
2025-06-22,Batik Shirt,Apparel,10,57.28,Shopee
2025-06-22,Tote Bag,Accessories,44,32.96,Shopee
2025-06-22,Heeled Wedges,Footwear,7,59.8,TikTok Shop
2025-06-22,Canvas Sneakers,Footwear,36,56.51,TikTok Shop
2025-06-22,Canvas Sneakers,Footwear,50,47.62,Shopee
2025-06-22,Printed Blouse,Apparel,14,40.08,Instagram
2025-06-22,Slip-on Sandals,Footwear,12,37.76,Shopee
2025-06-22,Slip-on Sandals,Footwear,21,37.76,TikTok Shop
2025-06-22,Batik Shirt,Apparel,21,58.42,Shopee
2025-06-22,Casual Kurung,Apparel,12,64.23,TikTok Shop
2025-06-22,Batik Shirt,Apparel,39,61.27,TikTok Shop
2025-06-22,Casual Kurung,Apparel,54,68.77,Shopee
2025-06-22,Silk Hijab,Apparel,20,28.44,Shopee
2025-06-22,Baju Melayu Set,Apparel,37,94.69,Shopee
2025-06-22,Batik Shirt,Apparel,13,57.08,TikTok Shop
2025-06-23,Casual Kurung,Apparel,26,73.73,TikTok Shop
2025-06-23,Canvas Sneakers,Footwear,22,42.74,TikTok Shop
2025-06-23,Tote Bag,Accessories,25,31.88,Shopee
2025-06-23,Silk Hijab,Apparel,30,27.44,TikTok Shop
2025-06-23,Crossbody Bag,Accessories,12,73.71,TikTok Shop
2025-06-23,Batik Shirt,Apparel,38,55.07,TikTok Shop
2025-06-23,Silk Hijab,Apparel,10,28.37,TikTok Shop
2025-06-23,Batik Shirt,Apparel,16,61.47,Shopee
2025-06-23,Silk Hijab,Apparel,25,27.14,TikTok Shop
2025-06-23,Tote Bag,Accessories,40,30.77,Shopee
2025-06-23,Printed Blouse,Apparel,11,31.38,Shopee
2025-06-23,Printed Blouse,Apparel,22,40.03,Shopee
2025-06-23,Canvas Sneakers,Footwear,7,45.39,TikTok Shop
2025-06-23,Batik Shirt,Apparel,25,60.64,Shopee
2025-06-23,Baju Melayu Set,Apparel,14,87.22,TikTok Shop
2025-06-24,Tote Bag,Accessories,16,30.81,TikTok Shop
2025-06-24,Casual Kurung,Apparel,27,75.78,Shopee
2025-06-24,Silk Hijab,Apparel,40,29.22,Shopee
2025-06-24,Tote Bag,Accessories,26,33.92,Shopee
2025-06-24,Silk Hijab,Apparel,6,33.0,Shopee
2025-06-24,Crossbody Bag,Accessories,40,66.17,Instagram
2025-06-24,Heeled Wedges,Footwear,3,70.92,TikTok Shop
2025-06-24,Slip-on Sandals,Footwear,32,32.65,Shopee
2025-06-24,Canvas Sneakers,Footwear,47,46.14,TikTok Shop
2025-06-24,Silk Hijab,Apparel,34,28.65,Shopee
2025-06-24,Batik Shirt,Apparel,15,60.38,TikTok Shop
2025-06-24,Crossbody Bag,Accessories,40,71.8,Shopee
2025-06-24,Crossbody Bag,Accessories,28,73.27,Shopee
2025-06-25,Crossbody Bag,Accessories,53,61.33,TikTok Shop
2025-06-25,Baju Melayu Set,Apparel,21,81.18,Shopee
2025-06-25,Crossbody Bag,Accessories,39,63.43,TikTok Shop
2025-06-25,Crossbody Bag,Accessories,51,60.6,TikTok Shop
2025-06-25,Canvas Sneakers,Footwear,8,52.87,TikTok Shop
2025-06-25,Crossbody Bag,Accessories,30,77.75,Shopee
2025-06-25,Casual Kurung,Apparel,38,85.92,Shopee
2025-06-25,Batik Shirt,Apparel,29,61.69,Shopee
2025-06-25,Printed Blouse,Apparel,15,33.11,Shopee
2025-06-25,Baju Melayu Set,Apparel,11,85.87,TikTok Shop
2025-06-26,Batik Shirt,Apparel,15,61.4,Shopee
2025-06-26,Tote Bag,Accessories,25,28.33,TikTok Shop
2025-06-26,Crossbody Bag,Accessories,10,63.19,TikTok Shop
2025-06-26,Crossbody Bag,Accessories,8,73.33,Shopee
2025-06-26,Slip-on Sandals,Footwear,22,34.06,TikTok Shop
2025-06-26,Casual Kurung,Apparel,42,67.7,TikTok Shop
2025-06-26,Canvas Sneakers,Footwear,26,52.43,Shopee
2025-06-26,Silk Hijab,Apparel,32,31.05,Shopee
2025-06-26,Crossbody Bag,Accessories,7,68.82,Shopee
2025-06-26,Heeled Wedges,Footwear,39,69.01,Shopee
2025-06-26,Batik Shirt,Apparel,10,47.44,Shopee
2025-06-26,Silk Hijab,Apparel,17,25.77,Instagram
2025-06-26,Silk Hijab,Apparel,56,30.51,TikTok Shop
2025-06-26,Baju Melayu Set,Apparel,22,93.73,Shopee
2025-06-26,Tote Bag,Accessories,38,27.65,Shopee
2025-06-26,Printed Blouse,Apparel,14,35.82,Shopee
2025-06-27,Printed Blouse,Apparel,32,38.59,Instagram
2025-06-27,Baju Melayu Set,Apparel,63,81.25,TikTok Shop
2025-06-27,Canvas Sneakers,Footwear,48,44.34,Shopee
2025-06-27,Printed Blouse,Apparel,24,34.42,Shopee
2025-06-27,Tote Bag,Accessories,34,29.12,Shopee
2025-06-27,Batik Shirt,Apparel,35,54.87,Shopee
2025-06-27,Casual Kurung,Apparel,45,64.47,Shopee
2025-06-27,Tote Bag,Accessories,24,28.36,Shopee
2025-06-27,Batik Shirt,Apparel,26,52.79,Shopee
2025-06-27,Printed Blouse,Apparel,3,34.6,Shopee
2025-06-27,Silk Hijab,Apparel,7,33.32,Shopee
2025-06-27,Canvas Sneakers,Footwear,40,51.22,TikTok Shop
2025-06-27,Tote Bag,Accessories,15,36.18,TikTok Shop
2025-06-27,Heeled Wedges,Footwear,19,74.44,TikTok Shop
2025-06-27,Canvas Sneakers,Footwear,34,45.32,Shopee
2025-06-27,Silk Hijab,Apparel,14,32.51,Shopee
2025-06-27,Heeled Wedges,Footwear,34,70.17,Shopee
2025-06-28,Slip-on Sandals,Footwear,36,37.4,TikTok Shop
2025-06-28,Tote Bag,Accessories,18,29.5,TikTok Shop
2025-06-28,Batik Shirt,Apparel,28,62.09,TikTok Shop
2025-06-28,Silk Hijab,Apparel,58,28.97,TikTok Shop
2025-06-28,Canvas Sneakers,Footwear,30,52.09,Shopee
2025-06-28,Heeled Wedges,Footwear,19,70.23,Instagram
2025-06-28,Baju Melayu Set,Apparel,24,102.39,TikTok Shop
2025-06-28,Baju Melayu Set,Apparel,44,84.79,TikTok Shop
2025-06-28,Silk Hijab,Apparel,15,33.0,Shopee
2025-06-28,Canvas Sneakers,Footwear,58,47.0,TikTok Shop
2025-06-28,Baju Melayu Set,Apparel,44,94.41,Shopee
2025-06-28,Tote Bag,Accessories,24,35.46,Shopee
2025-06-28,Baju Melayu Set,Apparel,15,85.37,Shopee
2025-06-29,Baju Melayu Set,Apparel,13,84.63,TikTok Shop
2025-06-29,Slip-on Sandals,Footwear,33,39.84,TikTok Shop
2025-06-29,Canvas Sneakers,Footwear,38,51.79,Shopee
2025-06-29,Silk Hijab,Apparel,22,30.94,Shopee
2025-06-29,Casual Kurung,Apparel,58,73.75,TikTok Shop
2025-06-29,Batik Shirt,Apparel,43,61.02,TikTok Shop
2025-06-29,Silk Hijab,Apparel,47,29.22,TikTok Shop
2025-06-29,Slip-on Sandals,Footwear,26,35.81,Shopee
2025-06-29,Tote Bag,Accessories,16,33.44,Instagram
2025-06-29,Silk Hijab,Apparel,19,27.11,TikTok Shop
2025-06-29,Silk Hijab,Apparel,79,28.22,TikTok Shop
2025-06-29,Baju Melayu Set,Apparel,12,97.74,Shopee
2025-06-29,Heeled Wedges,Footwear,41,68.95,Shopee
2025-06-29,Tote Bag,Accessories,25,34.43,Instagram
2025-06-30,Heeled Wedges,Footwear,4,67.24,Shopee
2025-06-30,Silk Hijab,Apparel,8,32.5,Shopee
2025-06-30,Tote Bag,Accessories,40,34.29,TikTok Shop
2025-06-30,Tote Bag,Accessories,11,36.2,Shopee
2025-06-30,Casual Kurung,Apparel,30,68.8,Shopee
2025-06-30,Crossbody Bag,Accessories,13,77.27,TikTok Shop
2025-06-30,Heeled Wedges,Footwear,9,65.35,TikTok Shop
2025-06-30,Heeled Wedges,Footwear,12,72.98,TikTok Shop
2025-06-30,Tote Bag,Accessories,6,31.85,Instagram
2025-06-30,Slip-on Sandals,Footwear,63,31.2,Shopee
2025-06-30,Baju Melayu Set,Apparel,38,90.96,TikTok Shop
2025-06-30,Baju Melayu Set,Apparel,26,76.87,Instagram
2025-06-30,Crossbody Bag,Accessories,54,62.73,TikTok Shop
2025-06-30,Canvas Sneakers,Footwear,8,56.56,Shopee
2025-06-30,Casual Kurung,Apparel,48,73.35,Instagram
2025-07-01,Batik Shirt,Apparel,10,61.74,TikTok Shop
2025-07-01,Casual Kurung,Apparel,13,78.32,Shopee
2025-07-01,Tote Bag,Accessories,48,29.37,TikTok Shop
2025-07-01,Slip-on Sandals,Footwear,45,31.55,Shopee
2025-07-01,Batik Shirt,Apparel,30,54.98,Shopee
2025-07-01,Slip-on Sandals,Footwear,47,30.65,TikTok Shop
2025-07-01,Casual Kurung,Apparel,12,66.37,Shopee
2025-07-01,Slip-on Sandals,Footwear,28,34.63,Shopee
2025-07-01,Batik Shirt,Apparel,44,52.15,TikTok Shop
2025-07-01,Baju Melayu Set,Apparel,24,94.49,Instagram
2025-07-01,Printed Blouse,Apparel,17,37.81,Shopee
2025-07-01,Casual Kurung,Apparel,40,66.36,TikTok Shop
2025-07-01,Baju Melayu Set,Apparel,13,96.2,Shopee
2025-07-01,Canvas Sneakers,Footwear,10,48.92,TikTok Shop
2025-07-02,Heeled Wedges,Footwear,18,64.43,Shopee
2025-07-02,Silk Hijab,Apparel,19,25.59,Shopee
2025-07-02,Crossbody Bag,Accessories,39,69.59,TikTok Shop
2025-07-02,Heeled Wedges,Footwear,19,67.61,Shopee
2025-07-02,Printed Blouse,Apparel,21,37.16,Instagram
2025-07-02,Slip-on Sandals,Footwear,24,36.39,Shopee
2025-07-02,Tote Bag,Accessories,18,36.63,Shopee
2025-07-02,Canvas Sneakers,Footwear,31,53.49,TikTok Shop
2025-07-02,Canvas Sneakers,Footwear,28,51.55,Shopee
2025-07-02,Slip-on Sandals,Footwear,14,39.05,Shopee
2025-07-02,Heeled Wedges,Footwear,19,61.66,TikTok Shop
2025-07-02,Tote Bag,Accessories,38,29.41,TikTok Shop
2025-07-02,Casual Kurung,Apparel,27,77.89,TikTok Shop
2025-07-03,Printed Blouse,Apparel,16,37.14,Shopee
2025-07-03,Printed Blouse,Apparel,22,33.61,TikTok Shop
2025-07-03,Baju Melayu Set,Apparel,39,82.17,TikTok Shop
2025-07-03,Batik Shirt,Apparel,33,61.63,Shopee
2025-07-03,Crossbody Bag,Accessories,37,69.13,Shopee
2025-07-03,Batik Shirt,Apparel,19,58.1,Shopee
2025-07-03,Tote Bag,Accessories,5,33.87,Shopee
2025-07-03,Tote Bag,Accessories,8,35.23,Shopee
2025-07-03,Canvas Sneakers,Footwear,9,44.39,Shopee
2025-07-03,Heeled Wedges,Footwear,6,74.21,Shopee
2025-07-03,Baju Melayu Set,Apparel,28,87.94,Shopee
2025-07-03,Batik Shirt,Apparel,37,50.97,Shopee
2025-07-03,Printed Blouse,Apparel,19,39.33,Instagram
2025-07-03,Tote Bag,Accessories,38,28.09,TikTok Shop
2025-07-04,Slip-on Sandals,Footwear,63,31.01,TikTok Shop
2025-07-04,Heeled Wedges,Footwear,24,65.58,Instagram
2025-07-04,Canvas Sneakers,Footwear,3,47.23,TikTok Shop
2025-07-04,Silk Hijab,Apparel,17,27.96,Shopee
2025-07-04,Casual Kurung,Apparel,26,85.04,Shopee
2025-07-04,Printed Blouse,Apparel,8,39.57,TikTok Shop
2025-07-04,Baju Melayu Set,Apparel,35,102.16,Shopee
2025-07-04,Canvas Sneakers,Footwear,59,42.93,TikTok Shop
2025-07-04,Heeled Wedges,Footwear,23,67.01,TikTok Shop
2025-07-04,Silk Hijab,Apparel,44,27.87,Instagram
2025-07-04,Crossbody Bag,Accessories,16,60.75,Shopee
2025-07-04,Heeled Wedges,Footwear,20,67.45,Shopee
2025-07-05,Batik Shirt,Apparel,41,50.66,Instagram
2025-07-05,Printed Blouse,Apparel,13,31.84,Shopee
2025-07-05,Crossbody Bag,Accessories,42,73.74,Shopee
2025-07-05,Heeled Wedges,Footwear,10,73.41,Instagram
2025-07-05,Casual Kurung,Apparel,36,83.33,TikTok Shop
2025-07-05,Crossbody Bag,Accessories,45,64.22,Shopee
2025-07-05,Crossbody Bag,Accessories,45,76.26,TikTok Shop
2025-07-05,Silk Hijab,Apparel,9,34.08,Instagram
2025-07-05,Slip-on Sandals,Footwear,13,31.31,TikTok Shop
2025-07-05,Baju Melayu Set,Apparel,6,97.76,Shopee
2025-07-05,Heeled Wedges,Footwear,5,59.58,TikTok Shop
2025-07-06,Printed Blouse,Apparel,23,37.1,Shopee
2025-07-06,Batik Shirt,Apparel,47,51.25,Shopee
2025-07-06,Printed Blouse,Apparel,45,31.48,TikTok Shop
2025-07-06,Heeled Wedges,Footwear,26,71.39,Shopee
2025-07-06,Slip-on Sandals,Footwear,13,39.9,TikTok Shop
2025-07-06,Silk Hijab,Apparel,25,26.9,Instagram
2025-07-06,Printed Blouse,Apparel,12,37.71,Shopee
2025-07-06,Tote Bag,Accessories,16,31.56,TikTok Shop
2025-07-06,Canvas Sneakers,Footwear,37,49.0,Instagram
2025-07-06,Crossbody Bag,Accessories,37,63.19,Shopee
2025-07-06,Tote Bag,Accessories,12,33.72,TikTok Shop
2025-07-06,Batik Shirt,Apparel,11,48.75,Shopee
2025-07-06,Tote Bag,Accessories,21,31.93,Shopee
2025-07-07,Casual Kurung,Apparel,17,76.44,Shopee
2025-07-07,Printed Blouse,Apparel,28,35.24,Shopee
2025-07-07,Heeled Wedges,Footwear,35,63.95,Shopee
2025-07-07,Tote Bag,Accessories,8,34.26,Shopee
2025-07-07,Tote Bag,Accessories,29,28.14,TikTok Shop
2025-07-07,Baju Melayu Set,Apparel,26,97.46,Instagram
2025-07-07,Baju Melayu Set,Apparel,35,88.07,Instagram
2025-07-07,Heeled Wedges,Footwear,34,64.07,TikTok Shop
2025-07-07,Printed Blouse,Apparel,19,36.73,TikTok Shop
2025-07-07,Crossbody Bag,Accessories,18,76.52,TikTok Shop
2025-07-07,Slip-on Sandals,Footwear,23,38.24,Shopee
2025-07-08,Heeled Wedges,Footwear,15,68.46,Shopee
2025-07-08,Baju Melayu Set,Apparel,10,79.2,TikTok Shop
2025-07-08,Silk Hijab,Apparel,36,28.82,Instagram
2025-07-08,Tote Bag,Accessories,13,27.77,Shopee
2025-07-08,Canvas Sneakers,Footwear,37,43.32,Shopee
2025-07-08,Casual Kurung,Apparel,30,71.12,TikTok Shop
2025-07-08,Crossbody Bag,Accessories,11,67.18,Shopee
2025-07-08,Casual Kurung,Apparel,20,69.22,TikTok Shop
2025-07-08,Silk Hijab,Apparel,33,26.62,Shopee
2025-07-08,Crossbody Bag,Accessories,10,78.16,Shopee
2025-07-08,Silk Hijab,Apparel,14,33.95,Shopee
2025-07-08,Tote Bag,Accessories,32,29.06,Shopee
2025-07-08,Batik Shirt,Apparel,15,52.03,Shopee
2025-07-08,Slip-on Sandals,Footwear,14,32.53,Shopee
2025-07-08,Heeled Wedges,Footwear,12,56.59,TikTok Shop
2025-07-08,Crossbody Bag,Accessories,29,73.0,Shopee
2025-07-09,Printed Blouse,Apparel,47,29.81,Shopee
2025-07-09,Slip-on Sandals,Footwear,32,37.55,Shopee
2025-07-09,Slip-on Sandals,Footwear,20,31.71,Instagram
2025-07-09,Canvas Sneakers,Footwear,6,52.36,TikTok Shop
2025-07-09,Batik Shirt,Apparel,15,50.47,TikTok Shop
2025-07-09,Slip-on Sandals,Footwear,11,37.36,TikTok Shop
2025-07-09,Silk Hijab,Apparel,18,27.71,Shopee
2025-07-09,Slip-on Sandals,Footwear,35,32.46,Shopee
2025-07-09,Batik Shirt,Apparel,21,59.46,Instagram
2025-07-09,Baju Melayu Set,Apparel,15,81.37,Shopee
2025-07-09,Baju Melayu Set,Apparel,21,95.64,Shopee
2025-07-09,Printed Blouse,Apparel,26,30.54,Shopee
2025-07-09,Slip-on Sandals,Footwear,38,38.01,TikTok Shop
2025-07-09,Casual Kurung,Apparel,27,81.31,Shopee
2025-07-10,Canvas Sneakers,Footwear,46,50.96,TikTok Shop
2025-07-10,Heeled Wedges,Footwear,41,64.0,Shopee
2025-07-10,Slip-on Sandals,Footwear,22,38.45,Shopee
2025-07-10,Baju Melayu Set,Apparel,8,86.84,Shopee
2025-07-10,Tote Bag,Accessories,17,34.89,TikTok Shop
2025-07-10,Silk Hijab,Apparel,10,30.81,Shopee
2025-07-10,Batik Shirt,Apparel,24,55.06,Instagram
2025-07-10,Baju Melayu Set,Apparel,20,98.48,Instagram
2025-07-10,Tote Bag,Accessories,18,33.12,Shopee
2025-07-10,Printed Blouse,Apparel,6,38.76,TikTok Shop
2025-07-10,Baju Melayu Set,Apparel,6,93.99,Shopee
2025-07-10,Heeled Wedges,Footwear,58,55.97,TikTok Shop
2025-07-10,Casual Kurung,Apparel,8,65.01,Shopee
2025-07-10,Casual Kurung,Apparel,19,65.93,Shopee
2025-07-10,Silk Hijab,Apparel,41,27.36,Shopee
2025-07-10,Slip-on Sandals,Footwear,8,36.69,Shopee
2025-07-10,Tote Bag,Accessories,17,35.21,Shopee
2025-07-10,Tote Bag,Accessories,23,33.61,Shopee
2025-07-10,Casual Kurung,Apparel,21,75.04,Shopee
2025-07-10,Printed Blouse,Apparel,24,32.29,Instagram
2025-07-10,Tote Bag,Accessories,27,32.39,Shopee
2025-07-10,Casual Kurung,Apparel,26,71.98,Shopee
2025-07-10,Casual Kurung,Apparel,43,72.91,Shopee
2025-07-11,Canvas Sneakers,Footwear,24,53.72,Shopee
2025-07-11,Baju Melayu Set,Apparel,16,84.75,Shopee
2025-07-11,Tote Bag,Accessories,13,32.54,Instagram
2025-07-11,Tote Bag,Accessories,29,36.0,TikTok Shop
2025-07-11,Silk Hijab,Apparel,34,28.3,Instagram
2025-07-11,Tote Bag,Accessories,15,32.2,TikTok Shop
2025-07-11,Casual Kurung,Apparel,19,66.59,Shopee
2025-07-11,Slip-on Sandals,Footwear,28,33.42,TikTok Shop
2025-07-11,Baju Melayu Set,Apparel,19,89.23,TikTok Shop
2025-07-11,Silk Hijab,Apparel,33,27.86,Shopee
2025-07-11,Baju Melayu Set,Apparel,35,93.37,TikTok Shop
2025-07-12,Printed Blouse,Apparel,25,37.86,Instagram
2025-07-12,Canvas Sneakers,Footwear,45,50.53,Shopee
2025-07-12,Canvas Sneakers,Footwear,26,51.77,Shopee
2025-07-12,Baju Melayu Set,Apparel,21,89.67,Shopee
2025-07-12,Casual Kurung,Apparel,19,82.11,Shopee
2025-07-12,Printed Blouse,Apparel,41,29.75,TikTok Shop
2025-07-12,Crossbody Bag,Accessories,21,80.42,Shopee
2025-07-12,Tote Bag,Accessories,18,36.24,Shopee
2025-07-12,Crossbody Bag,Accessories,23,75.46,TikTok Shop
2025-07-12,Tote Bag,Accessories,9,29.6,Shopee
2025-07-12,Slip-on Sandals,Footwear,57,31.81,Shopee
2025-07-12,Casual Kurung,Apparel,35,76.87,TikTok Shop
2025-07-12,Baju Melayu Set,Apparel,6,95.58,Shopee
2025-07-12,Canvas Sneakers,Footwear,35,45.68,TikTok Shop
2025-07-13,Heeled Wedges,Footwear,16,68.78,Shopee
2025-07-13,Heeled Wedges,Footwear,31,61.38,TikTok Shop
2025-07-13,Crossbody Bag,Accessories,55,66.33,TikTok Shop
2025-07-13,Casual Kurung,Apparel,34,80.58,Instagram
2025-07-13,Crossbody Bag,Accessories,34,78.6,Shopee
2025-07-13,Heeled Wedges,Footwear,38,72.02,TikTok Shop
2025-07-13,Baju Melayu Set,Apparel,40,88.36,Shopee
2025-07-13,Batik Shirt,Apparel,9,52.98,Shopee
2025-07-13,Batik Shirt,Apparel,24,48.18,Shopee
2025-07-13,Heeled Wedges,Footwear,23,74.74,TikTok Shop
2025-07-13,Crossbody Bag,Accessories,31,75.4,TikTok Shop
2025-07-13,Printed Blouse,Apparel,34,34.04,Shopee
2025-07-13,Slip-on Sandals,Footwear,55,33.26,TikTok Shop
2025-07-13,Canvas Sneakers,Footwear,8,44.94,Shopee
2025-07-13,Slip-on Sandals,Footwear,30,39.63,Instagram
2025-07-13,Batik Shirt,Apparel,20,53.92,Shopee
2025-07-13,Crossbody Bag,Accessories,41,63.44,Shopee
2025-07-13,Tote Bag,Accessories,21,34.5,TikTok Shop
2025-07-13,Printed Blouse,Apparel,18,35.04,Shopee
2025-07-13,Casual Kurung,Apparel,7,79.38,Shopee
2025-07-14,Canvas Sneakers,Footwear,3,49.23,TikTok Shop
2025-07-14,Baju Melayu Set,Apparel,32,76.68,Shopee
2025-07-14,Canvas Sneakers,Footwear,57,45.26,TikTok Shop
2025-07-14,Silk Hijab,Apparel,12,32.97,Shopee
2025-07-14,Heeled Wedges,Footwear,26,71.69,Shopee
2025-07-14,Tote Bag,Accessories,11,34.25,Shopee
2025-07-14,Casual Kurung,Apparel,20,83.3,Shopee
2025-07-14,Heeled Wedges,Footwear,18,55.36,Shopee
2025-07-14,Slip-on Sandals,Footwear,33,33.66,Shopee
2025-07-14,Heeled Wedges,Footwear,18,59.05,TikTok Shop
2025-07-14,Batik Shirt,Apparel,21,62.17,Instagram
2025-07-14,Crossbody Bag,Accessories,23,69.25,Shopee
2025-07-14,Casual Kurung,Apparel,9,70.49,Shopee
2025-07-14,Heeled Wedges,Footwear,13,73.1,Instagram
2025-07-14,Baju Melayu Set,Apparel,11,77.74,TikTok Shop
2025-07-14,Heeled Wedges,Footwear,13,58.83,TikTok Shop
2025-07-14,Canvas Sneakers,Footwear,24,52.29,Shopee
2025-07-14,Heeled Wedges,Footwear,20,63.5,TikTok Shop
2025-07-14,Slip-on Sandals,Footwear,25,38.47,TikTok Shop
2025-07-15,Baju Melayu Set,Apparel,33,99.72,TikTok Shop
2025-07-15,Printed Blouse,Apparel,19,39.68,Shopee
2025-07-15,Slip-on Sandals,Footwear,19,34.53,Shopee
2025-07-15,Printed Blouse,Apparel,31,36.34,TikTok Shop
2025-07-15,Casual Kurung,Apparel,25,69.1,Shopee
2025-07-15,Batik Shirt,Apparel,33,59.65,Shopee
2025-07-15,Baju Melayu Set,Apparel,39,79.02,TikTok Shop
2025-07-15,Printed Blouse,Apparel,9,35.11,Instagram
2025-07-15,Silk Hijab,Apparel,27,29.3,Instagram
2025-07-15,Crossbody Bag,Accessories,17,74.87,Shopee
2025-07-15,Printed Blouse,Apparel,6,31.33,TikTok Shop
2025-07-15,Slip-on Sandals,Footwear,8,35.01,Shopee
2025-07-15,Crossbody Bag,Accessories,4,64.3,Shopee
2025-07-16,Silk Hijab,Apparel,19,31.03,Shopee
2025-07-16,Crossbody Bag,Accessories,4,67.93,Shopee
2025-07-16,Tote Bag,Accessories,7,36.58,Shopee
2025-07-16,Batik Shirt,Apparel,13,59.87,Instagram
2025-07-16,Baju Melayu Set,Apparel,26,101.61,Shopee
2025-07-16,Baju Melayu Set,Apparel,27,88.79,Shopee
2025-07-16,Tote Bag,Accessories,21,34.77,Shopee
2025-07-16,Tote Bag,Accessories,7,30.22,TikTok Shop
2025-07-16,Silk Hijab,Apparel,35,31.47,Shopee
2025-07-16,Tote Bag,Accessories,9,36.54,Instagram
2025-07-16,Silk Hijab,Apparel,21,29.76,Shopee
2025-07-16,Silk Hijab,Apparel,19,27.89,Shopee
2025-07-16,Baju Melayu Set,Apparel,42,81.94,TikTok Shop
2025-07-16,Canvas Sneakers,Footwear,46,44.29,Shopee
2025-07-16,Slip-on Sandals,Footwear,37,36.04,Shopee
2025-07-16,Baju Melayu Set,Apparel,19,88.51,TikTok Shop
2025-07-17,Heeled Wedges,Footwear,13,66.29,Shopee
2025-07-17,Printed Blouse,Apparel,27,39.38,Shopee
2025-07-17,Baju Melayu Set,Apparel,29,81.89,Shopee
2025-07-17,Tote Bag,Accessories,18,36.0,TikTok Shop
2025-07-17,Silk Hijab,Apparel,27,29.28,Shopee
2025-07-17,Printed Blouse,Apparel,36,32.22,Shopee
2025-07-17,Baju Melayu Set,Apparel,3,96.35,Shopee
2025-07-17,Baju Melayu Set,Apparel,19,85.44,Shopee
2025-07-17,Baju Melayu Set,Apparel,9,103.02,Shopee
2025-07-17,Baju Melayu Set,Apparel,28,81.44,Shopee
2025-07-17,Silk Hijab,Apparel,3,29.82,Shopee
2025-07-17,Tote Bag,Accessories,27,34.16,Shopee
2025-07-18,Tote Bag,Accessories,20,27.23,TikTok Shop
2025-07-18,Printed Blouse,Apparel,27,39.44,Shopee
2025-07-18,Crossbody Bag,Accessories,30,79.98,Shopee
2025-07-18,Heeled Wedges,Footwear,32,62.46,TikTok Shop
2025-07-18,Casual Kurung,Apparel,24,68.33,Shopee
2025-07-18,Printed Blouse,Apparel,17,39.49,Instagram
2025-07-18,Casual Kurung,Apparel,45,73.25,TikTok Shop
2025-07-18,Tote Bag,Accessories,26,32.38,TikTok Shop
2025-07-18,Slip-on Sandals,Footwear,13,35.47,Shopee
2025-07-18,Baju Melayu Set,Apparel,5,91.8,TikTok Shop
2025-07-18,Canvas Sneakers,Footwear,17,46.24,Instagram
2025-07-18,Slip-on Sandals,Footwear,1,39.23,Instagram
2025-07-18,Tote Bag,Accessories,10,34.34,TikTok Shop
2025-07-18,Crossbody Bag,Accessories,6,62.76,Shopee
2025-07-19,Crossbody Bag,Accessories,38,62.44,TikTok Shop
2025-07-19,Batik Shirt,Apparel,34,59.2,Shopee
2025-07-19,Tote Bag,Accessories,30,32.25,Shopee
2025-07-19,Tote Bag,Accessories,9,32.79,Shopee
2025-07-19,Baju Melayu Set,Apparel,38,100.79,TikTok Shop
2025-07-19,Silk Hijab,Apparel,40,28.55,Shopee
2025-07-19,Silk Hijab,Apparel,26,33.9,TikTok Shop
2025-07-19,Casual Kurung,Apparel,19,85.24,Shopee
2025-07-19,Silk Hijab,Apparel,20,28.31,Shopee
2025-07-19,Casual Kurung,Apparel,30,78.37,Shopee
2025-07-19,Canvas Sneakers,Footwear,13,42.96,TikTok Shop
2025-07-19,Baju Melayu Set,Apparel,40,77.09,Shopee
2025-07-19,Batik Shirt,Apparel,34,59.61,TikTok Shop
2025-07-19,Canvas Sneakers,Footwear,1,54.32,Instagram
2025-07-19,Silk Hijab,Apparel,58,26.07,Shopee
2025-07-20,Baju Melayu Set,Apparel,41,85.75,Shopee
2025-07-20,Heeled Wedges,Footwear,12,68.06,Shopee
2025-07-20,Heeled Wedges,Footwear,52,66.46,TikTok Shop
2025-07-20,Batik Shirt,Apparel,23,54.99,Instagram
2025-07-20,Tote Bag,Accessories,33,32.89,Instagram
2025-07-20,Tote Bag,Accessories,18,34.81,Shopee
2025-07-20,Batik Shirt,Apparel,21,52.77,TikTok Shop
2025-07-20,Batik Shirt,Apparel,15,62.26,Shopee
2025-07-20,Silk Hijab,Apparel,28,29.15,Shopee
2025-07-20,Tote Bag,Accessories,18,36.53,Shopee
2025-07-20,Printed Blouse,Apparel,31,38.84,TikTok Shop
2025-07-20,Batik Shirt,Apparel,8,50.56,Instagram
2025-07-20,Heeled Wedges,Footwear,13,68.53,Shopee
2025-07-20,Heeled Wedges,Footwear,13,71.89,TikTok Shop
2025-07-20,Silk Hijab,Apparel,14,30.04,Shopee
2025-07-21,Canvas Sneakers,Footwear,11,43.51,TikTok Shop
2025-07-21,Slip-on Sandals,Footwear,12,33.66,TikTok Shop
2025-07-21,Baju Melayu Set,Apparel,20,86.76,Shopee
2025-07-21,Batik Shirt,Apparel,20,58.95,Shopee
2025-07-21,Heeled Wedges,Footwear,18,62.64,Shopee
2025-07-21,Baju Melayu Set,Apparel,24,87.79,Shopee
2025-07-21,Slip-on Sandals,Footwear,29,32.1,Shopee
2025-07-21,Crossbody Bag,Accessories,29,70.12,Instagram
2025-07-21,Crossbody Bag,Accessories,25,73.44,Shopee
2025-07-21,Baju Melayu Set,Apparel,6,76.75,TikTok Shop
2025-07-21,Printed Blouse,Apparel,32,34.32,Shopee
2025-07-21,Slip-on Sandals,Footwear,11,38.68,Instagram
2025-07-22,Slip-on Sandals,Footwear,22,36.02,Shopee
2025-07-22,Printed Blouse,Apparel,32,33.7,Instagram
2025-07-22,Batik Shirt,Apparel,21,57.31,Instagram
2025-07-22,Tote Bag,Accessories,29,32.19,TikTok Shop
2025-07-22,Tote Bag,Accessories,22,31.8,TikTok Shop
2025-07-22,Slip-on Sandals,Footwear,7,39.7,Shopee
2025-07-22,Silk Hijab,Apparel,20,32.72,Shopee
2025-07-22,Tote Bag,Accessories,8,34.76,Shopee
2025-07-22,Baju Melayu Set,Apparel,43,78.97,Shopee
2025-07-23,Silk Hijab,Apparel,22,31.57,TikTok Shop
2025-07-23,Batik Shirt,Apparel,35,59.85,TikTok Shop
2025-07-23,Casual Kurung,Apparel,7,83.87,Shopee
2025-07-23,Heeled Wedges,Footwear,39,70.69,TikTok Shop
2025-07-23,Batik Shirt,Apparel,39,59.07,TikTok Shop
2025-07-23,Casual Kurung,Apparel,14,75.48,Shopee
2025-07-23,Slip-on Sandals,Footwear,34,30.88,TikTok Shop
2025-07-23,Tote Bag,Accessories,37,33.39,Shopee
2025-07-23,Tote Bag,Accessories,21,32.32,TikTok Shop
2025-07-23,Canvas Sneakers,Footwear,10,48.65,Shopee
2025-07-23,Casual Kurung,Apparel,13,67.73,Shopee
2025-07-23,Printed Blouse,Apparel,40,35.38,Shopee
2025-07-23,Printed Blouse,Apparel,12,39.74,Shopee
2025-07-24,Casual Kurung,Apparel,11,72.36,TikTok Shop
2025-07-24,Silk Hijab,Apparel,7,30.47,Shopee
2025-07-24,Tote Bag,Accessories,20,34.12,TikTok Shop
2025-07-24,Crossbody Bag,Accessories,24,69.3,Shopee
2025-07-24,Crossbody Bag,Accessories,40,67.97,Shopee
2025-07-24,Tote Bag,Accessories,31,31.83,Shopee
2025-07-24,Silk Hijab,Apparel,40,32.2,TikTok Shop
2025-07-24,Silk Hijab,Apparel,27,27.83,Shopee
2025-07-24,Heeled Wedges,Footwear,25,66.78,TikTok Shop
2025-07-24,Slip-on Sandals,Footwear,21,29.92,Instagram
2025-07-24,Printed Blouse,Apparel,11,32.14,Shopee
2025-07-24,Tote Bag,Accessories,23,28.54,Instagram
2025-07-24,Crossbody Bag,Accessories,7,69.23,Shopee
2025-07-24,Silk Hijab,Apparel,30,27.5,TikTok Shop
2025-07-24,Slip-on Sandals,Footwear,19,35.84,Instagram
2025-07-24,Canvas Sneakers,Footwear,34,45.74,Instagram
2025-07-24,Heeled Wedges,Footwear,39,70.29,TikTok Shop
2025-07-25,Printed Blouse,Apparel,12,31.29,Instagram
2025-07-25,Printed Blouse,Apparel,35,37.91,TikTok Shop
2025-07-25,Tote Bag,Accessories,8,29.52,Instagram
2025-07-25,Baju Melayu Set,Apparel,39,89.17,Shopee
2025-07-25,Printed Blouse,Apparel,3,38.69,Shopee
2025-07-25,Canvas Sneakers,Footwear,20,56.9,TikTok Shop
2025-07-25,Heeled Wedges,Footwear,39,68.51,Shopee
2025-07-25,Baju Melayu Set,Apparel,22,81.23,Shopee
2025-07-25,Crossbody Bag,Accessories,38,73.11,Shopee
2025-07-25,Crossbody Bag,Accessories,8,69.89,Shopee
2025-07-25,Printed Blouse,Apparel,38,33.05,Shopee
2025-07-25,Crossbody Bag,Accessories,25,59.63,Shopee
2025-07-25,Crossbody Bag,Accessories,16,59.85,Instagram
2025-07-25,Baju Melayu Set,Apparel,28,91.19,TikTok Shop
2025-07-25,Silk Hijab,Apparel,30,25.78,Shopee
2025-07-25,Printed Blouse,Apparel,24,39.67,Instagram
2025-07-25,Heeled Wedges,Footwear,19,58.0,TikTok Shop
2025-07-26,Batik Shirt,Apparel,4,61.29,Instagram
2025-07-26,Casual Kurung,Apparel,31,76.77,Instagram
2025-07-26,Slip-on Sandals,Footwear,39,34.15,Shopee
2025-07-26,Heeled Wedges,Footwear,73,57.51,TikTok Shop
2025-07-26,Batik Shirt,Apparel,49,54.75,Shopee
2025-07-26,Heeled Wedges,Footwear,16,68.65,Instagram
2025-07-26,Canvas Sneakers,Footwear,14,44.82,Shopee
2025-07-26,Canvas Sneakers,Footwear,20,53.68,Instagram
2025-07-26,Baju Melayu Set,Apparel,48,84.76,Shopee
2025-07-26,Batik Shirt,Apparel,55,55.36,Shopee
2025-07-26,Casual Kurung,Apparel,52,68.67,Shopee
2025-07-26,Baju Melayu Set,Apparel,58,79.34,Shopee
2025-07-26,Slip-on Sandals,Footwear,13,32.01,TikTok Shop
2025-07-26,Casual Kurung,Apparel,50,78.52,Shopee
2025-07-26,Canvas Sneakers,Footwear,29,48.14,TikTok Shop
2025-07-26,Baju Melayu Set,Apparel,31,82.62,Instagram
2025-07-27,Batik Shirt,Apparel,28,54.94,Shopee
2025-07-27,Tote Bag,Accessories,40,33.25,TikTok Shop
2025-07-27,Printed Blouse,Apparel,26,34.86,Shopee
2025-07-27,Silk Hijab,Apparel,11,28.41,Shopee
2025-07-27,Batik Shirt,Apparel,26,50.06,Shopee
2025-07-27,Slip-on Sandals,Footwear,47,34.89,TikTok Shop
2025-07-27,Canvas Sneakers,Footwear,58,44.21,Instagram
2025-07-27,Slip-on Sandals,Footwear,13,30.8,Instagram
2025-07-27,Heeled Wedges,Footwear,38,57.07,Instagram
2025-07-27,Casual Kurung,Apparel,8,85.82,Shopee
2025-07-27,Heeled Wedges,Footwear,18,65.36,TikTok Shop
2025-07-27,Baju Melayu Set,Apparel,44,79.78,Instagram
2025-07-27,Baju Melayu Set,Apparel,19,93.29,Shopee
2025-07-28,Batik Shirt,Apparel,48,49.84,Shopee
2025-07-28,Slip-on Sandals,Footwear,50,34.18,TikTok Shop
2025-07-28,Tote Bag,Accessories,31,36.02,Shopee
2025-07-28,Canvas Sneakers,Footwear,31,46.6,Shopee
2025-07-28,Crossbody Bag,Accessories,36,64.81,Instagram
2025-07-28,Casual Kurung,Apparel,45,66.0,TikTok Shop
2025-07-28,Printed Blouse,Apparel,37,37.79,Shopee
2025-07-28,Batik Shirt,Apparel,41,55.25,Instagram
2025-07-28,Casual Kurung,Apparel,28,85.08,TikTok Shop
2025-07-28,Canvas Sneakers,Footwear,10,44.39,TikTok Shop
2025-07-28,Canvas Sneakers,Footwear,10,54.1,Shopee
2025-07-28,Slip-on Sandals,Footwear,27,35.11,Shopee
2025-07-28,Silk Hijab,Apparel,1,32.85,Shopee
2025-07-28,Canvas Sneakers,Footwear,6,50.34,TikTok Shop
2025-07-28,Heeled Wedges,Footwear,9,57.94,Shopee
2025-07-28,Batik Shirt,Apparel,35,59.25,Instagram
2025-07-28,Printed Blouse,Apparel,20,39.02,TikTok Shop
2025-07-29,Baju Melayu Set,Apparel,34,97.71,Shopee
2025-07-29,Slip-on Sandals,Footwear,6,32.26,TikTok Shop
2025-07-29,Printed Blouse,Apparel,5,38.24,TikTok Shop
2025-07-29,Slip-on Sandals,Footwear,10,38.97,TikTok Shop
2025-07-29,Printed Blouse,Apparel,26,35.66,TikTok Shop
2025-07-29,Slip-on Sandals,Footwear,10,31.66,Shopee
2025-07-29,Casual Kurung,Apparel,39,71.75,Instagram
2025-07-29,Batik Shirt,Apparel,37,47.87,Instagram
2025-07-29,Silk Hijab,Apparel,32,34.14,Shopee
2025-07-29,Tote Bag,Accessories,27,34.13,Instagram
2025-07-29,Slip-on Sandals,Footwear,34,31.24,Shopee
2025-07-29,Canvas Sneakers,Footwear,34,45.13,Instagram
2025-07-29,Slip-on Sandals,Footwear,19,33.64,TikTok Shop
2025-07-29,Tote Bag,Accessories,44,35.54,TikTok Shop
2025-07-29,Printed Blouse,Apparel,14,32.59,TikTok Shop
2025-07-30,Heeled Wedges,Footwear,31,67.83,Shopee
2025-07-30,Tote Bag,Accessories,9,35.56,Instagram
2025-07-30,Crossbody Bag,Accessories,11,59.59,Instagram
2025-07-30,Tote Bag,Accessories,4,35.66,Instagram
2025-07-30,Crossbody Bag,Accessories,47,63.23,Shopee
2025-07-30,Heeled Wedges,Footwear,13,62.88,Shopee
2025-07-30,Crossbody Bag,Accessories,10,64.5,Shopee
2025-07-30,Tote Bag,Accessories,7,30.88,TikTok Shop
2025-07-30,Slip-on Sandals,Footwear,33,38.32,Shopee
2025-07-30,Silk Hijab,Apparel,49,30.85,TikTok Shop
2025-07-30,Crossbody Bag,Accessories,60,69.73,TikTok Shop
2025-07-30,Tote Bag,Accessories,26,33.56,Instagram
2025-07-30,Crossbody Bag,Accessories,48,76.58,TikTok Shop
2025-07-30,Heeled Wedges,Footwear,54,69.48,TikTok Shop
2025-07-30,Heeled Wedges,Footwear,54,57.37,Shopee
2025-07-30,Slip-on Sandals,Footwear,6,35.71,Shopee
2025-07-30,Slip-on Sandals,Footwear,39,38.4,TikTok Shop
2025-07-30,Batik Shirt,Apparel,27,55.87,Shopee
2025-07-30,Batik Shirt,Apparel,14,49.82,TikTok Shop
2025-07-31,Batik Shirt,Apparel,64,46.79,TikTok Shop
2025-07-31,Batik Shirt,Apparel,32,56.95,Shopee
2025-07-31,Printed Blouse,Apparel,12,38.37,TikTok Shop
2025-07-31,Baju Melayu Set,Apparel,16,82.88,TikTok Shop
2025-07-31,Slip-on Sandals,Footwear,36,35.18,Shopee
2025-07-31,Crossbody Bag,Accessories,6,76.46,Shopee
2025-07-31,Printed Blouse,Apparel,42,36.14,Shopee
2025-07-31,Silk Hijab,Apparel,66,28.3,TikTok Shop
2025-07-31,Printed Blouse,Apparel,24,39.38,Shopee
2025-07-31,Slip-on Sandals,Footwear,47,37.62,TikTok Shop
2025-07-31,Crossbody Bag,Accessories,24,75.53,Shopee
2025-07-31,Heeled Wedges,Footwear,31,68.61,Shopee
2025-07-31,Baju Melayu Set,Apparel,28,92.4,TikTok Shop
2025-07-31,Heeled Wedges,Footwear,41,57.96,Instagram
2025-08-01,Heeled Wedges,Footwear,18,67.33,Shopee
2025-08-01,Heeled Wedges,Footwear,8,66.09,TikTok Shop
2025-08-01,Slip-on Sandals,Footwear,36,35.63,TikTok Shop
2025-08-01,Printed Blouse,Apparel,24,33.53,Instagram
2025-08-01,Slip-on Sandals,Footwear,23,39.43,Shopee
2025-08-01,Baju Melayu Set,Apparel,41,89.59,Shopee
2025-08-01,Silk Hijab,Apparel,41,30.87,TikTok Shop
2025-08-01,Casual Kurung,Apparel,19,76.37,TikTok Shop
2025-08-01,Slip-on Sandals,Footwear,23,40.02,TikTok Shop
2025-08-01,Tote Bag,Accessories,10,34.16,TikTok Shop
2025-08-01,Heeled Wedges,Footwear,9,74.73,Instagram
2025-08-01,Slip-on Sandals,Footwear,36,34.66,TikTok Shop
2025-08-01,Heeled Wedges,Footwear,53,58.82,TikTok Shop
2025-08-01,Batik Shirt,Apparel,24,62.64,Shopee
2025-08-01,Casual Kurung,Apparel,18,78.86,Shopee
2025-08-01,Crossbody Bag,Accessories,7,59.6,Shopee
2025-08-01,Tote Bag,Accessories,2,34.97,TikTok Shop
2025-08-01,Heeled Wedges,Footwear,3,64.29,TikTok Shop
2025-08-02,Silk Hijab,Apparel,22,34.47,Instagram
2025-08-02,Tote Bag,Accessories,8,30.96,TikTok Shop
2025-08-02,Batik Shirt,Apparel,12,58.8,TikTok Shop
2025-08-02,Silk Hijab,Apparel,43,25.99,Shopee
2025-08-02,Printed Blouse,Apparel,15,39.04,TikTok Shop
2025-08-02,Silk Hijab,Apparel,49,26.62,TikTok Shop
2025-08-02,Crossbody Bag,Accessories,51,72.26,TikTok Shop
2025-08-02,Printed Blouse,Apparel,11,36.86,Shopee
2025-08-02,Baju Melayu Set,Apparel,26,91.22,Shopee
2025-08-02,Baju Melayu Set,Apparel,30,86.83,Shopee
2025-08-02,Crossbody Bag,Accessories,20,76.25,Shopee
2025-08-02,Canvas Sneakers,Footwear,23,48.78,Instagram
2025-08-02,Slip-on Sandals,Footwear,14,36.94,Instagram
2025-08-02,Heeled Wedges,Footwear,37,69.73,Shopee
2025-08-03,Baju Melayu Set,Apparel,31,77.27,Shopee
2025-08-03,Slip-on Sandals,Footwear,42,35.27,Shopee
2025-08-03,Heeled Wedges,Footwear,13,61.08,Instagram
2025-08-03,Silk Hijab,Apparel,14,32.83,Instagram
2025-08-03,Printed Blouse,Apparel,23,36.19,Shopee
2025-08-03,Crossbody Bag,Accessories,7,75.45,Instagram
2025-08-03,Casual Kurung,Apparel,15,68.22,Shopee
2025-08-03,Silk Hijab,Apparel,47,31.34,TikTok Shop
2025-08-03,Canvas Sneakers,Footwear,40,50.8,TikTok Shop
2025-08-03,Batik Shirt,Apparel,5,50.8,Shopee
2025-08-03,Baju Melayu Set,Apparel,30,81.84,Shopee
2025-08-03,Heeled Wedges,Footwear,40,65.46,Shopee
2025-08-03,Crossbody Bag,Accessories,26,60.01,Shopee
2025-08-04,Slip-on Sandals,Footwear,19,39.7,Instagram
2025-08-04,Crossbody Bag,Accessories,20,66.59,TikTok Shop
2025-08-04,Crossbody Bag,Accessories,41,62.34,TikTok Shop
2025-08-04,Heeled Wedges,Footwear,32,66.01,Shopee
2025-08-04,Tote Bag,Accessories,10,33.24,Shopee
2025-08-04,Heeled Wedges,Footwear,25,70.67,TikTok Shop
2025-08-04,Printed Blouse,Apparel,18,34.04,Shopee
2025-08-04,Crossbody Bag,Accessories,8,68.85,Shopee
2025-08-04,Casual Kurung,Apparel,40,71.0,Instagram
2025-08-04,Silk Hijab,Apparel,12,30.26,Shopee
2025-08-04,Batik Shirt,Apparel,17,57.41,Shopee
2025-08-05,Slip-on Sandals,Footwear,14,36.62,Instagram
2025-08-05,Crossbody Bag,Accessories,21,65.39,Instagram
2025-08-05,Silk Hijab,Apparel,36,26.25,TikTok Shop
2025-08-05,Casual Kurung,Apparel,37,67.22,Shopee
2025-08-05,Batik Shirt,Apparel,20,59.09,Shopee
2025-08-05,Heeled Wedges,Footwear,45,57.12,Shopee
2025-08-05,Slip-on Sandals,Footwear,26,39.13,Shopee
2025-08-05,Batik Shirt,Apparel,21,62.32,TikTok Shop
2025-08-05,Tote Bag,Accessories,15,34.88,TikTok Shop
2025-08-05,Casual Kurung,Apparel,21,86.07,Shopee
2025-08-05,Slip-on Sandals,Footwear,19,33.07,Shopee
2025-08-05,Crossbody Bag,Accessories,56,59.81,TikTok Shop
2025-08-05,Printed Blouse,Apparel,19,36.48,TikTok Shop
2025-08-05,Canvas Sneakers,Footwear,19,56.17,Shopee
2025-08-05,Casual Kurung,Apparel,2,69.41,Shopee
2025-08-06,Batik Shirt,Apparel,18,58.76,Instagram
2025-08-06,Casual Kurung,Apparel,22,67.71,TikTok Shop
2025-08-06,Casual Kurung,Apparel,45,75.94,TikTok Shop
2025-08-06,Canvas Sneakers,Footwear,16,50.56,Shopee
2025-08-06,Canvas Sneakers,Footwear,8,51.97,TikTok Shop
2025-08-06,Batik Shirt,Apparel,27,62.57,Shopee
2025-08-06,Printed Blouse,Apparel,11,38.55,Shopee
2025-08-06,Heeled Wedges,Footwear,25,65.93,Shopee
2025-08-07,Printed Blouse,Apparel,19,34.37,Shopee
2025-08-07,Casual Kurung,Apparel,21,80.56,Shopee
2025-08-07,Heeled Wedges,Footwear,19,60.78,Shopee
2025-08-07,Canvas Sneakers,Footwear,8,44.63,Shopee
2025-08-07,Printed Blouse,Apparel,15,31.13,TikTok Shop
2025-08-07,Canvas Sneakers,Footwear,35,52.37,TikTok Shop
2025-08-07,Canvas Sneakers,Footwear,10,43.55,TikTok Shop
2025-08-07,Canvas Sneakers,Footwear,6,57.25,Shopee
2025-08-07,Tote Bag,Accessories,8,34.19,Shopee
2025-08-07,Printed Blouse,Apparel,18,38.37,Instagram
2025-08-07,Casual Kurung,Apparel,19,72.8,TikTok Shop
2025-08-07,Heeled Wedges,Footwear,43,58.85,TikTok Shop
2025-08-07,Casual Kurung,Apparel,31,77.11,TikTok Shop
2025-08-07,Tote Bag,Accessories,37,30.65,Shopee
2025-08-07,Baju Melayu Set,Apparel,38,84.4,Shopee
2025-08-07,Tote Bag,Accessories,42,33.69,TikTok Shop
2025-08-07,Baju Melayu Set,Apparel,35,79.54,Shopee
2025-08-08,Heeled Wedges,Footwear,25,55.62,Shopee
2025-08-08,Baju Melayu Set,Apparel,35,99.04,Shopee
2025-08-08,Baju Melayu Set,Apparel,38,81.44,Shopee
2025-08-08,Heeled Wedges,Footwear,40,59.34,Shopee
2025-08-08,Batik Shirt,Apparel,17,60.44,Instagram
2025-08-08,Crossbody Bag,Accessories,23,75.76,Shopee
2025-08-08,Printed Blouse,Apparel,27,34.32,Shopee
2025-08-08,Slip-on Sandals,Footwear,6,30.21,TikTok Shop
2025-08-08,Slip-on Sandals,Footwear,40,29.93,Shopee
2025-08-08,Silk Hijab,Apparel,12,26.5,Shopee
2025-08-08,Batik Shirt,Apparel,33,56.49,TikTok Shop
2025-08-09,Casual Kurung,Apparel,31,80.55,Instagram
2025-08-09,Heeled Wedges,Footwear,25,72.73,Shopee
2025-08-09,Crossbody Bag,Accessories,30,74.84,Shopee
2025-08-09,Batik Shirt,Apparel,29,53.26,Shopee
2025-08-09,Tote Bag,Accessories,39,35.14,TikTok Shop
2025-08-09,Tote Bag,Accessories,53,30.69,TikTok Shop
2025-08-09,Baju Melayu Set,Apparel,21,84.45,Shopee
2025-08-09,Canvas Sneakers,Footwear,9,51.42,TikTok Shop
2025-08-09,Casual Kurung,Apparel,29,65.16,Shopee
2025-08-09,Printed Blouse,Apparel,28,40.21,Shopee
2025-08-09,Silk Hijab,Apparel,34,30.32,Instagram
2025-08-10,Silk Hijab,Apparel,25,31.45,TikTok Shop
2025-08-10,Slip-on Sandals,Footwear,63,31.46,TikTok Shop
2025-08-10,Tote Bag,Accessories,37,29.49,Shopee
2025-08-10,Slip-on Sandals,Footwear,22,34.52,TikTok Shop
2025-08-10,Silk Hijab,Apparel,10,30.86,Shopee
2025-08-10,Casual Kurung,Apparel,19,68.71,TikTok Shop
2025-08-10,Batik Shirt,Apparel,7,62.23,Shopee
2025-08-10,Crossbody Bag,Accessories,33,62.6,TikTok Shop
2025-08-10,Printed Blouse,Apparel,54,36.21,TikTok Shop
2025-08-10,Crossbody Bag,Accessories,35,71.7,Shopee
2025-08-10,Tote Bag,Accessories,36,36.03,TikTok Shop
2025-08-10,Slip-on Sandals,Footwear,30,33.85,TikTok Shop
2025-08-10,Heeled Wedges,Footwear,47,62.48,Shopee
2025-08-10,Silk Hijab,Apparel,13,31.73,Instagram
2025-08-10,Crossbody Bag,Accessories,32,68.56,Shopee
2025-08-10,Batik Shirt,Apparel,15,62.44,Shopee
2025-08-10,Tote Bag,Accessories,20,33.98,TikTok Shop
2025-08-11,Slip-on Sandals,Footwear,8,31.63,Shopee
2025-08-11,Tote Bag,Accessories,26,36.65,Shopee
2025-08-11,Tote Bag,Accessories,19,32.1,Shopee
2025-08-11,Batik Shirt,Apparel,16,57.27,Instagram
2025-08-11,Crossbody Bag,Accessories,15,67.77,TikTok Shop
2025-08-11,Heeled Wedges,Footwear,13,69.4,Shopee
2025-08-11,Baju Melayu Set,Apparel,34,96.11,TikTok Shop
2025-08-11,Silk Hijab,Apparel,12,27.64,Shopee
2025-08-11,Silk Hijab,Apparel,26,28.83,Shopee
2025-08-11,Printed Blouse,Apparel,30,33.2,Shopee
2025-08-11,Slip-on Sandals,Footwear,15,37.96,Instagram
2025-08-11,Printed Blouse,Apparel,26,37.32,Shopee
2025-08-11,Crossbody Bag,Accessories,12,77.29,TikTok Shop
2025-08-11,Silk Hijab,Apparel,1,33.49,Shopee
2025-08-11,Baju Melayu Set,Apparel,19,81.7,TikTok Shop
2025-08-11,Tote Bag,Accessories,22,30.06,Shopee
2025-08-11,Printed Blouse,Apparel,7,34.88,Shopee
2025-08-12,Crossbody Bag,Accessories,32,65.26,TikTok Shop
2025-08-12,Crossbody Bag,Accessories,19,75.47,TikTok Shop
2025-08-12,Casual Kurung,Apparel,8,80.12,Shopee
2025-08-12,Heeled Wedges,Footwear,24,57.41,Instagram
2025-08-12,Crossbody Bag,Accessories,22,67.34,Shopee
2025-08-12,Heeled Wedges,Footwear,21,62.36,TikTok Shop
2025-08-12,Casual Kurung,Apparel,14,65.27,TikTok Shop
2025-08-12,Slip-on Sandals,Footwear,30,30.23,Instagram
2025-08-12,Tote Bag,Accessories,19,34.59,TikTok Shop
2025-08-12,Heeled Wedges,Footwear,39,66.42,TikTok Shop
2025-08-12,Printed Blouse,Apparel,32,37.97,TikTok Shop
2025-08-12,Printed Blouse,Apparel,8,33.09,Shopee
2025-08-13,Crossbody Bag,Accessories,41,68.31,TikTok Shop
2025-08-13,Batik Shirt,Apparel,34,55.65,Shopee
2025-08-13,Slip-on Sandals,Footwear,11,36.96,TikTok Shop
2025-08-13,Slip-on Sandals,Footwear,16,32.17,TikTok Shop
2025-08-13,Baju Melayu Set,Apparel,12,100.41,Shopee
2025-08-13,Casual Kurung,Apparel,38,64.63,Shopee
2025-08-13,Heeled Wedges,Footwear,27,63.13,Shopee
2025-08-13,Baju Melayu Set,Apparel,17,88.26,TikTok Shop
2025-08-13,Crossbody Bag,Accessories,12,75.6,Shopee
2025-08-13,Baju Melayu Set,Apparel,7,82.17,TikTok Shop
2025-08-13,Silk Hijab,Apparel,9,31.76,Shopee
2025-08-14,Batik Shirt,Apparel,9,61.15,TikTok Shop
2025-08-14,Crossbody Bag,Accessories,54,64.73,TikTok Shop
2025-08-14,Baju Melayu Set,Apparel,13,100.06,Shopee
2025-08-14,Batik Shirt,Apparel,30,50.72,Shopee
2025-08-14,Batik Shirt,Apparel,13,60.1,Shopee
2025-08-14,Casual Kurung,Apparel,38,70.44,Shopee
2025-08-14,Tote Bag,Accessories,23,32.03,TikTok Shop
2025-08-14,Silk Hijab,Apparel,12,29.02,Instagram
2025-08-14,Crossbody Bag,Accessories,25,78.19,Shopee
2025-08-14,Casual Kurung,Apparel,24,85.28,TikTok Shop
2025-08-14,Batik Shirt,Apparel,37,48.97,TikTok Shop
2025-08-14,Casual Kurung,Apparel,7,85.99,Shopee
2025-08-15,Printed Blouse,Apparel,16,39.55,TikTok Shop
2025-08-15,Tote Bag,Accessories,11,30.62,TikTok Shop
2025-08-15,Slip-on Sandals,Footwear,53,31.74,TikTok Shop
2025-08-15,Canvas Sneakers,Footwear,4,46.63,TikTok Shop
2025-08-15,Silk Hijab,Apparel,10,29.09,Shopee
2025-08-15,Heeled Wedges,Footwear,9,56.0,TikTok Shop
2025-08-15,Baju Melayu Set,Apparel,25,98.49,Shopee
2025-08-15,Casual Kurung,Apparel,19,84.84,Shopee
2025-08-15,Slip-on Sandals,Footwear,6,34.23,Shopee
2025-08-15,Batik Shirt,Apparel,18,60.5,Shopee
2025-08-15,Tote Bag,Accessories,30,33.28,TikTok Shop
2025-08-15,Crossbody Bag,Accessories,19,66.66,Shopee
2025-08-15,Tote Bag,Accessories,19,34.86,Shopee
2025-08-16,Baju Melayu Set,Apparel,20,97.22,Shopee
2025-08-16,Crossbody Bag,Accessories,34,69.63,Shopee
2025-08-16,Casual Kurung,Apparel,18,75.78,Instagram
2025-08-16,Printed Blouse,Apparel,15,40.2,Shopee
2025-08-16,Printed Blouse,Apparel,24,37.16,Shopee
2025-08-16,Slip-on Sandals,Footwear,5,39.45,TikTok Shop
2025-08-16,Tote Bag,Accessories,18,32.19,TikTok Shop
2025-08-16,Printed Blouse,Apparel,30,31.23,Shopee
2025-08-16,Printed Blouse,Apparel,26,38.51,Shopee
2025-08-16,Baju Melayu Set,Apparel,20,102.68,Instagram
2025-08-16,Silk Hijab,Apparel,23,28.5,Shopee
2025-08-16,Casual Kurung,Apparel,58,68.98,TikTok Shop
2025-08-16,Baju Melayu Set,Apparel,51,89.02,TikTok Shop
2025-08-17,Tote Bag,Accessories,10,27.52,Shopee
2025-08-17,Silk Hijab,Apparel,51,30.63,TikTok Shop
2025-08-17,Heeled Wedges,Footwear,4,65.26,Shopee
2025-08-17,Baju Melayu Set,Apparel,40,81.49,TikTok Shop
2025-08-17,Batik Shirt,Apparel,34,58.77,Instagram
2025-08-17,Tote Bag,Accessories,49,31.46,Shopee
2025-08-17,Canvas Sneakers,Footwear,34,44.88,Shopee
2025-08-17,Tote Bag,Accessories,27,34.26,Shopee
2025-08-17,Baju Melayu Set,Apparel,11,95.37,Shopee
2025-08-17,Heeled Wedges,Footwear,42,57.98,Shopee
2025-08-17,Casual Kurung,Apparel,17,83.09,Shopee
2025-08-17,Printed Blouse,Apparel,33,36.3,TikTok Shop
2025-08-17,Slip-on Sandals,Footwear,22,36.47,Shopee
2025-08-18,Printed Blouse,Apparel,14,36.68,TikTok Shop
2025-08-18,Canvas Sneakers,Footwear,51,42.9,TikTok Shop
2025-08-18,Tote Bag,Accessories,17,27.92,Instagram
2025-08-18,Tote Bag,Accessories,34,32.86,Shopee
2025-08-18,Silk Hijab,Apparel,32,30.77,TikTok Shop
2025-08-18,Slip-on Sandals,Footwear,36,34.8,Shopee
2025-08-18,Heeled Wedges,Footwear,14,64.53,TikTok Shop
2025-08-18,Printed Blouse,Apparel,11,31.95,Shopee
2025-08-18,Casual Kurung,Apparel,26,85.78,Shopee
2025-08-18,Silk Hijab,Apparel,38,30.0,TikTok Shop
2025-08-18,Casual Kurung,Apparel,30,84.88,Shopee
2025-08-19,Tote Bag,Accessories,23,33.02,Shopee
2025-08-19,Printed Blouse,Apparel,10,38.48,Shopee
2025-08-19,Baju Melayu Set,Apparel,41,84.24,Shopee
2025-08-19,Slip-on Sandals,Footwear,28,36.23,Shopee
2025-08-19,Casual Kurung,Apparel,9,73.31,Shopee
2025-08-19,Casual Kurung,Apparel,23,78.41,Shopee
2025-08-19,Tote Bag,Accessories,16,30.35,Shopee
2025-08-19,Baju Melayu Set,Apparel,31,86.48,Shopee
2025-08-19,Crossbody Bag,Accessories,41,71.83,Shopee
2025-08-19,Baju Melayu Set,Apparel,11,95.41,TikTok Shop
2025-08-19,Canvas Sneakers,Footwear,25,53.61,Shopee
2025-08-19,Casual Kurung,Apparel,13,85.16,TikTok Shop
2025-08-19,Silk Hijab,Apparel,27,28.78,Instagram
2025-08-19,Batik Shirt,Apparel,24,56.45,TikTok Shop
2025-08-19,Casual Kurung,Apparel,40,66.88,Shopee
2025-08-20,Slip-on Sandals,Footwear,20,38.45,Shopee
2025-08-20,Silk Hijab,Apparel,52,28.88,TikTok Shop
2025-08-20,Silk Hijab,Apparel,22,27.47,Shopee
2025-08-20,Heeled Wedges,Footwear,18,71.46,Instagram
2025-08-20,Silk Hijab,Apparel,14,33.74,Shopee
2025-08-20,Tote Bag,Accessories,6,31.15,Instagram
2025-08-20,Casual Kurung,Apparel,22,77.7,TikTok Shop
2025-08-20,Heeled Wedges,Footwear,13,56.43,TikTok Shop
2025-08-21,Silk Hijab,Apparel,5,26.98,Instagram
2025-08-21,Batik Shirt,Apparel,6,62.15,TikTok Shop
2025-08-21,Batik Shirt,Apparel,38,56.55,Shopee
2025-08-21,Printed Blouse,Apparel,11,32.69,Instagram
2025-08-21,Heeled Wedges,Footwear,32,57.45,TikTok Shop
2025-08-21,Slip-on Sandals,Footwear,20,38.23,Shopee
2025-08-21,Casual Kurung,Apparel,20,74.79,Shopee
2025-08-21,Printed Blouse,Apparel,13,35.48,Shopee
2025-08-21,Heeled Wedges,Footwear,41,66.03,Shopee
2025-08-21,Casual Kurung,Apparel,7,64.57,Shopee
2025-08-21,Silk Hijab,Apparel,25,27.27,Instagram
2025-08-21,Printed Blouse,Apparel,11,30.61,Shopee
2025-08-21,Tote Bag,Accessories,17,32.92,TikTok Shop
2025-08-21,Printed Blouse,Apparel,12,37.68,Instagram
2025-08-21,Tote Bag,Accessories,38,29.64,Shopee
2025-08-22,Canvas Sneakers,Footwear,9,55.51,Shopee
2025-08-22,Casual Kurung,Apparel,21,66.03,Instagram
2025-08-22,Canvas Sneakers,Footwear,27,45.17,Instagram
2025-08-22,Canvas Sneakers,Footwear,35,53.62,TikTok Shop
2025-08-22,Heeled Wedges,Footwear,26,56.44,Instagram
2025-08-22,Printed Blouse,Apparel,15,35.67,Shopee
2025-08-22,Silk Hijab,Apparel,8,34.11,Shopee
2025-08-22,Tote Bag,Accessories,19,28.34,TikTok Shop
2025-08-22,Tote Bag,Accessories,13,29.72,Shopee
2025-08-22,Printed Blouse,Apparel,4,38.85,Shopee
2025-08-22,Baju Melayu Set,Apparel,34,98.85,Shopee
2025-08-23,Silk Hijab,Apparel,14,29.31,TikTok Shop
2025-08-23,Slip-on Sandals,Footwear,68,30.38,TikTok Shop
2025-08-23,Casual Kurung,Apparel,18,80.31,Instagram
2025-08-23,Casual Kurung,Apparel,16,66.9,Shopee
2025-08-23,Tote Bag,Accessories,29,34.06,Shopee
2025-08-23,Printed Blouse,Apparel,33,38.0,Shopee
2025-08-23,Slip-on Sandals,Footwear,16,38.08,TikTok Shop
2025-08-23,Canvas Sneakers,Footwear,45,49.31,TikTok Shop
2025-08-23,Baju Melayu Set,Apparel,41,98.95,Shopee
2025-08-23,Batik Shirt,Apparel,15,50.38,Shopee
2025-08-23,Silk Hijab,Apparel,57,26.74,TikTok Shop
2025-08-23,Heeled Wedges,Footwear,28,60.6,Shopee
2025-08-23,Batik Shirt,Apparel,60,49.54,TikTok Shop
2025-08-23,Slip-on Sandals,Footwear,43,33.49,Shopee
2025-08-23,Batik Shirt,Apparel,15,58.42,TikTok Shop
2025-08-23,Tote Bag,Accessories,27,35.34,TikTok Shop
2025-08-23,Crossbody Bag,Accessories,12,76.43,TikTok Shop
2025-08-23,Crossbody Bag,Accessories,39,72.99,Instagram
2025-08-23,Casual Kurung,Apparel,24,79.24,Shopee
2025-08-23,Crossbody Bag,Accessories,39,74.63,TikTok Shop
2025-08-23,Silk Hijab,Apparel,61,25.66,Shopee
2025-08-23,Batik Shirt,Apparel,35,58.14,Shopee
2025-08-23,Crossbody Bag,Accessories,14,73.4,TikTok Shop
2025-08-23,Casual Kurung,Apparel,48,65.36,Shopee
2025-08-24,Heeled Wedges,Footwear,22,62.17,TikTok Shop
2025-08-24,Crossbody Bag,Accessories,44,60.93,Instagram
2025-08-24,Baju Melayu Set,Apparel,34,95.22,Instagram
2025-08-24,Canvas Sneakers,Footwear,23,55.45,Instagram
2025-08-24,Printed Blouse,Apparel,27,36.57,Shopee
2025-08-24,Canvas Sneakers,Footwear,30,44.71,Shopee
2025-08-24,Batik Shirt,Apparel,6,52.64,TikTok Shop
2025-08-24,Printed Blouse,Apparel,32,39.63,Shopee
2025-08-24,Printed Blouse,Apparel,55,34.69,TikTok Shop
2025-08-24,Silk Hijab,Apparel,33,27.65,Shopee
2025-08-24,Slip-on Sandals,Footwear,14,38.2,Shopee
2025-08-24,Silk Hijab,Apparel,31,30.8,Shopee
2025-08-24,Printed Blouse,Apparel,11,37.85,Shopee
2025-08-24,Casual Kurung,Apparel,17,65.62,Instagram
2025-08-24,Heeled Wedges,Footwear,31,63.53,TikTok Shop
2025-08-24,Casual Kurung,Apparel,43,70.07,Shopee
2025-08-25,Silk Hijab,Apparel,30,32.05,Instagram
2025-08-25,Silk Hijab,Apparel,47,27.85,TikTok Shop
2025-08-25,Crossbody Bag,Accessories,25,71.22,TikTok Shop
2025-08-25,Casual Kurung,Apparel,55,65.78,TikTok Shop
2025-08-25,Casual Kurung,Apparel,10,65.32,Shopee
2025-08-25,Baju Melayu Set,Apparel,48,87.43,TikTok Shop
2025-08-25,Baju Melayu Set,Apparel,17,94.88,Shopee
2025-08-25,Silk Hijab,Apparel,31,31.95,Shopee
2025-08-25,Printed Blouse,Apparel,5,39.13,Instagram
2025-08-25,Heeled Wedges,Footwear,37,65.18,Shopee
2025-08-25,Slip-on Sandals,Footwear,11,37.64,Instagram
2025-08-26,Printed Blouse,Apparel,35,34.16,TikTok Shop
2025-08-26,Baju Melayu Set,Apparel,22,102.04,TikTok Shop
2025-08-26,Slip-on Sandals,Footwear,8,37.99,Shopee
2025-08-26,Crossbody Bag,Accessories,26,67.5,TikTok Shop
2025-08-26,Printed Blouse,Apparel,19,38.99,TikTok Shop
2025-08-26,Batik Shirt,Apparel,28,51.71,Instagram
2025-08-26,Silk Hijab,Apparel,27,29.08,TikTok Shop
2025-08-26,Tote Bag,Accessories,11,32.03,Shopee
2025-08-26,Baju Melayu Set,Apparel,22,100.28,TikTok Shop
2025-08-26,Crossbody Bag,Accessories,34,68.62,Shopee
2025-08-26,Crossbody Bag,Accessories,34,61.73,Instagram
2025-08-26,Batik Shirt,Apparel,5,58.4,Shopee
2025-08-27,Batik Shirt,Apparel,14,48.02,Instagram
2025-08-27,Crossbody Bag,Accessories,8,78.29,Shopee
2025-08-27,Batik Shirt,Apparel,7,60.05,Shopee
2025-08-27,Casual Kurung,Apparel,3,78.46,Shopee
2025-08-27,Canvas Sneakers,Footwear,52,44.32,Shopee
2025-08-27,Printed Blouse,Apparel,34,35.04,Shopee
2025-08-27,Casual Kurung,Apparel,13,79.9,TikTok Shop
2025-08-27,Casual Kurung,Apparel,22,72.24,Shopee
2025-08-27,Canvas Sneakers,Footwear,22,53.85,Instagram
2025-08-27,Printed Blouse,Apparel,44,33.2,Shopee
2025-08-27,Crossbody Bag,Accessories,7,69.52,Shopee
2025-08-27,Tote Bag,Accessories,50,28.97,TikTok Shop
2025-08-27,Batik Shirt,Apparel,27,55.35,TikTok Shop
2025-08-27,Canvas Sneakers,Footwear,10,54.96,Shopee
2025-08-27,Crossbody Bag,Accessories,49,60.55,Shopee
2025-08-27,Printed Blouse,Apparel,10,38.75,TikTok Shop
2025-08-27,Batik Shirt,Apparel,6,53.65,Shopee
2025-08-27,Tote Bag,Accessories,11,34.51,Shopee
2025-08-27,Casual Kurung,Apparel,6,84.52,Shopee
2025-08-28,Heeled Wedges,Footwear,24,72.21,Shopee
2025-08-28,Silk Hijab,Apparel,27,25.74,Shopee
2025-08-28,Printed Blouse,Apparel,6,39.99,Shopee
2025-08-28,Casual Kurung,Apparel,25,66.46,Instagram
2025-08-28,Heeled Wedges,Footwear,20,56.12,Shopee
2025-08-28,Canvas Sneakers,Footwear,44,50.86,TikTok Shop
2025-08-28,Slip-on Sandals,Footwear,24,36.69,Instagram
2025-08-28,Casual Kurung,Apparel,6,75.16,Shopee
2025-08-28,Crossbody Bag,Accessories,18,80.35,Shopee
2025-08-28,Heeled Wedges,Footwear,8,66.16,Shopee
2025-08-28,Printed Blouse,Apparel,36,38.55,TikTok Shop
2025-08-28,Slip-on Sandals,Footwear,45,31.66,TikTok Shop
2025-08-28,Heeled Wedges,Footwear,13,67.04,Instagram
2025-08-29,Slip-on Sandals,Footwear,25,31.38,Shopee
2025-08-29,Crossbody Bag,Accessories,21,69.77,Shopee
2025-08-29,Canvas Sneakers,Footwear,34,50.18,TikTok Shop
2025-08-29,Tote Bag,Accessories,29,29.64,TikTok Shop
2025-08-29,Silk Hijab,Apparel,58,25.65,Shopee
2025-08-29,Casual Kurung,Apparel,13,73.27,TikTok Shop
2025-08-29,Slip-on Sandals,Footwear,39,36.63,TikTok Shop
2025-08-30,Crossbody Bag,Accessories,35,68.17,Instagram
2025-08-30,Silk Hijab,Apparel,49,28.73,Shopee
2025-08-30,Baju Melayu Set,Apparel,23,79.35,Instagram
2025-08-30,Casual Kurung,Apparel,11,84.66,Instagram
2025-08-30,Silk Hijab,Apparel,18,28.08,TikTok Shop
2025-08-30,Crossbody Bag,Accessories,18,64.6,Instagram
2025-08-30,Baju Melayu Set,Apparel,22,87.82,Instagram
2025-08-30,Crossbody Bag,Accessories,13,80.0,Shopee
2025-08-30,Printed Blouse,Apparel,8,37.65,Shopee
2025-08-30,Batik Shirt,Apparel,11,59.11,Instagram
2025-08-30,Heeled Wedges,Footwear,45,69.4,TikTok Shop
2025-08-30,Casual Kurung,Apparel,23,71.28,Shopee
2025-08-30,Crossbody Bag,Accessories,78,60.45,TikTok Shop
2025-08-30,Casual Kurung,Apparel,31,74.47,Shopee
2025-08-30,Printed Blouse,Apparel,49,35.43,Shopee
2025-08-31,Heeled Wedges,Footwear,34,60.67,Instagram
2025-08-31,Silk Hijab,Apparel,5,30.24,TikTok Shop
2025-08-31,Baju Melayu Set,Apparel,10,76.54,TikTok Shop
2025-08-31,Canvas Sneakers,Footwear,42,46.68,TikTok Shop
2025-08-31,Silk Hijab,Apparel,22,27.59,TikTok Shop
2025-08-31,Batik Shirt,Apparel,76,48.14,TikTok Shop
2025-08-31,Canvas Sneakers,Footwear,34,56.32,Shopee
2025-08-31,Slip-on Sandals,Footwear,9,39.32,Instagram
2025-08-31,Heeled Wedges,Footwear,42,67.94,Shopee
2025-08-31,Heeled Wedges,Footwear,33,69.55,Shopee
2025-09-01,Casual Kurung,Apparel,27,84.15,Shopee
2025-09-01,Heeled Wedges,Footwear,19,59.07,TikTok Shop
2025-09-01,Crossbody Bag,Accessories,25,80.01,Shopee
2025-09-01,Baju Melayu Set,Apparel,14,80.4,Instagram
2025-09-01,Silk Hijab,Apparel,15,34.49,Shopee
2025-09-01,Canvas Sneakers,Footwear,5,56.8,TikTok Shop
2025-09-01,Slip-on Sandals,Footwear,5,35.02,Shopee
2025-09-01,Printed Blouse,Apparel,17,36.75,TikTok Shop
2025-09-01,Slip-on Sandals,Footwear,32,36.2,Instagram
2025-09-01,Tote Bag,Accessories,45,32.86,TikTok Shop
2025-09-01,Batik Shirt,Apparel,14,60.61,TikTok Shop
2025-09-01,Printed Blouse,Apparel,34,29.92,Shopee
2025-09-01,Crossbody Bag,Accessories,19,78.53,Shopee
2025-09-01,Tote Bag,Accessories,8,30.43,Instagram
2025-09-02,Slip-on Sandals,Footwear,6,39.35,TikTok Shop
2025-09-02,Heeled Wedges,Footwear,32,66.4,Shopee
2025-09-02,Printed Blouse,Apparel,8,37.03,TikTok Shop
2025-09-02,Printed Blouse,Apparel,50,34.06,TikTok Shop
2025-09-02,Slip-on Sandals,Footwear,30,35.78,Shopee
2025-09-02,Heeled Wedges,Footwear,32,55.4,Instagram
2025-09-02,Baju Melayu Set,Apparel,7,93.23,TikTok Shop
2025-09-02,Crossbody Bag,Accessories,16,71.77,Shopee
2025-09-02,Crossbody Bag,Accessories,32,74.97,Shopee
2025-09-02,Casual Kurung,Apparel,18,81.73,Shopee
2025-09-02,Slip-on Sandals,Footwear,18,36.61,Instagram
2025-09-02,Canvas Sneakers,Footwear,17,53.29,Shopee
2025-09-02,Heeled Wedges,Footwear,7,57.83,Shopee
2025-09-02,Batik Shirt,Apparel,8,52.77,TikTok Shop
2025-09-03,Casual Kurung,Apparel,9,84.55,Shopee
2025-09-03,Baju Melayu Set,Apparel,28,77.25,Shopee
2025-09-03,Tote Bag,Accessories,33,31.25,Shopee
2025-09-03,Casual Kurung,Apparel,31,78.56,TikTok Shop
2025-09-03,Tote Bag,Accessories,12,36.68,Shopee
2025-09-03,Heeled Wedges,Footwear,30,55.83,Shopee
2025-09-03,Heeled Wedges,Footwear,4,66.88,TikTok Shop
2025-09-03,Printed Blouse,Apparel,16,40.19,Shopee
2025-09-04,Tote Bag,Accessories,10,36.02,Instagram
2025-09-04,Baju Melayu Set,Apparel,52,86.63,TikTok Shop
2025-09-04,Heeled Wedges,Footwear,24,74.18,TikTok Shop
2025-09-04,Printed Blouse,Apparel,17,32.71,TikTok Shop
2025-09-04,Canvas Sneakers,Footwear,11,42.78,TikTok Shop
2025-09-05,Batik Shirt,Apparel,41,53.08,Shopee
2025-09-05,Canvas Sneakers,Footwear,6,52.72,TikTok Shop
2025-09-05,Silk Hijab,Apparel,34,30.73,Shopee
2025-09-05,Tote Bag,Accessories,20,35.16,Shopee
2025-09-05,Baju Melayu Set,Apparel,9,95.26,TikTok Shop
2025-09-05,Slip-on Sandals,Footwear,60,31.09,TikTok Shop
2025-09-05,Slip-on Sandals,Footwear,34,36.06,Shopee
2025-09-05,Silk Hijab,Apparel,43,28.87,TikTok Shop
2025-09-05,Batik Shirt,Apparel,36,52.83,Instagram
2025-09-05,Silk Hijab,Apparel,6,32.81,Shopee
2025-09-05,Heeled Wedges,Footwear,36,59.11,Instagram
2025-09-05,Baju Melayu Set,Apparel,21,92.22,Shopee
2025-09-05,Canvas Sneakers,Footwear,37,51.47,Shopee
2025-09-06,Printed Blouse,Apparel,29,36.19,Shopee
2025-09-06,Tote Bag,Accessories,26,35.18,Shopee
2025-09-06,Crossbody Bag,Accessories,24,77.26,Shopee
2025-09-06,Canvas Sneakers,Footwear,15,57.35,TikTok Shop
2025-09-06,Batik Shirt,Apparel,18,58.13,Shopee
2025-09-06,Batik Shirt,Apparel,31,59.33,Instagram
2025-09-06,Casual Kurung,Apparel,17,79.8,Shopee
2025-09-06,Baju Melayu Set,Apparel,20,100.9,Shopee
2025-09-06,Crossbody Bag,Accessories,43,77.47,TikTok Shop
2025-09-06,Slip-on Sandals,Footwear,51,34.71,TikTok Shop
2025-09-06,Crossbody Bag,Accessories,37,71.17,Shopee
2025-09-06,Casual Kurung,Apparel,25,75.71,Shopee
2025-09-06,Baju Melayu Set,Apparel,3,91.35,Instagram
2025-09-06,Baju Melayu Set,Apparel,10,98.06,Shopee
2025-09-06,Silk Hijab,Apparel,44,26.89,Shopee
2025-09-06,Batik Shirt,Apparel,10,59.67,TikTok Shop
2025-09-06,Baju Melayu Set,Apparel,48,81.04,TikTok Shop
2025-09-06,Baju Melayu Set,Apparel,14,94.97,Shopee
2025-09-06,Tote Bag,Accessories,21,31.35,Shopee
2025-09-07,Tote Bag,Accessories,11,35.58,TikTok Shop
2025-09-07,Heeled Wedges,Footwear,16,66.55,Shopee
2025-09-07,Printed Blouse,Apparel,33,38.91,Shopee
2025-09-07,Batik Shirt,Apparel,20,46.95,TikTok Shop
2025-09-07,Printed Blouse,Apparel,35,39.01,TikTok Shop
2025-09-07,Slip-on Sandals,Footwear,27,36.98,Shopee
2025-09-07,Baju Melayu Set,Apparel,20,83.03,TikTok Shop
2025-09-07,Tote Bag,Accessories,55,31.7,TikTok Shop
2025-09-07,Slip-on Sandals,Footwear,23,39.9,Shopee
2025-09-07,Printed Blouse,Apparel,5,39.88,Shopee
2025-09-07,Crossbody Bag,Accessories,39,66.24,TikTok Shop
2025-09-07,Batik Shirt,Apparel,11,56.52,Shopee
2025-09-07,Crossbody Bag,Accessories,39,60.77,Instagram
2025-09-07,Printed Blouse,Apparel,11,37.43,TikTok Shop
2025-09-07,Heeled Wedges,Footwear,26,66.96,Instagram
2025-09-07,Baju Melayu Set,Apparel,32,103.16,Shopee
2025-09-07,Canvas Sneakers,Footwear,36,47.93,Shopee
2025-09-08,Heeled Wedges,Footwear,21,67.07,Shopee
2025-09-08,Slip-on Sandals,Footwear,12,33.03,Shopee
2025-09-08,Printed Blouse,Apparel,39,30.72,Shopee
2025-09-08,Slip-on Sandals,Footwear,9,33.01,Shopee
2025-09-08,Tote Bag,Accessories,16,31.5,Shopee
2025-09-08,Tote Bag,Accessories,31,33.79,Shopee
2025-09-08,Casual Kurung,Apparel,44,70.28,TikTok Shop
2025-09-08,Printed Blouse,Apparel,10,31.25,TikTok Shop
2025-09-08,Heeled Wedges,Footwear,12,63.49,TikTok Shop
2025-09-08,Casual Kurung,Apparel,45,65.02,TikTok Shop
2025-09-08,Silk Hijab,Apparel,26,28.42,Shopee
2025-09-08,Heeled Wedges,Footwear,4,68.91,TikTok Shop
2025-09-08,Casual Kurung,Apparel,12,79.14,TikTok Shop
2025-09-08,Heeled Wedges,Footwear,19,69.25,TikTok Shop
2025-09-08,Silk Hijab,Apparel,27,31.05,Shopee
2025-09-08,Tote Bag,Accessories,51,31.0,TikTok Shop
2025-09-08,Batik Shirt,Apparel,8,62.37,Shopee
2025-09-08,Crossbody Bag,Accessories,35,62.14,Instagram
2025-09-08,Heeled Wedges,Footwear,15,64.09,TikTok Shop
2025-09-08,Crossbody Bag,Accessories,27,78.6,Shopee
2025-09-08,Printed Blouse,Apparel,25,39.61,TikTok Shop
2025-09-08,Tote Bag,Accessories,4,30.81,Shopee
2025-09-08,Tote Bag,Accessories,12,33.9,Shopee
2025-09-08,Baju Melayu Set,Apparel,24,100.19,Shopee
2025-09-09,Canvas Sneakers,Footwear,25,54.95,Shopee
2025-09-09,Silk Hijab,Apparel,30,26.6,TikTok Shop
2025-09-09,Canvas Sneakers,Footwear,41,52.57,TikTok Shop
2025-09-09,Canvas Sneakers,Footwear,32,46.08,Shopee
2025-09-09,Printed Blouse,Apparel,8,39.85,Shopee
2025-09-09,Casual Kurung,Apparel,29,73.68,Shopee
2025-09-09,Slip-on Sandals,Footwear,18,30.46,Shopee
2025-09-09,Baju Melayu Set,Apparel,27,89.86,Instagram
2025-09-09,Crossbody Bag,Accessories,24,78.4,TikTok Shop
2025-09-09,Printed Blouse,Apparel,21,34.51,Shopee
2025-09-09,Crossbody Bag,Accessories,18,75.17,TikTok Shop
2025-09-09,Heeled Wedges,Footwear,11,64.42,TikTok Shop
2025-09-09,Crossbody Bag,Accessories,6,72.93,TikTok Shop
2025-09-09,Crossbody Bag,Accessories,34,70.07,Instagram
2025-09-09,Baju Melayu Set,Apparel,18,79.08,Instagram
2025-09-09,Heeled Wedges,Footwear,29,65.75,Shopee
2025-09-10,Heeled Wedges,Footwear,6,72.12,Shopee
2025-09-10,Heeled Wedges,Footwear,41,61.15,TikTok Shop
2025-09-10,Canvas Sneakers,Footwear,51,42.53,TikTok Shop
2025-09-10,Casual Kurung,Apparel,29,73.24,Shopee
2025-09-10,Batik Shirt,Apparel,33,61.68,Shopee
2025-09-10,Batik Shirt,Apparel,6,61.38,Shopee
2025-09-10,Silk Hijab,Apparel,13,25.71,Shopee
2025-09-10,Heeled Wedges,Footwear,13,66.51,Instagram
2025-09-10,Canvas Sneakers,Footwear,31,55.92,TikTok Shop
2025-09-11,Casual Kurung,Apparel,19,84.5,Shopee
2025-09-11,Baju Melayu Set,Apparel,39,79.76,TikTok Shop
2025-09-11,Canvas Sneakers,Footwear,27,49.21,Shopee
2025-09-11,Printed Blouse,Apparel,23,31.86,Shopee
2025-09-11,Baju Melayu Set,Apparel,30,92.86,Instagram
2025-09-11,Canvas Sneakers,Footwear,30,54.08,Shopee
2025-09-11,Crossbody Bag,Accessories,36,60.3,TikTok Shop
2025-09-11,Crossbody Bag,Accessories,33,61.48,Shopee
2025-09-11,Silk Hijab,Apparel,33,29.47,Shopee
2025-09-11,Crossbody Bag,Accessories,12,69.04,Shopee
2025-09-11,Heeled Wedges,Footwear,33,70.68,Shopee
2025-09-11,Casual Kurung,Apparel,3,76.95,Shopee
2025-09-11,Slip-on Sandals,Footwear,42,37.1,TikTok Shop
2025-09-11,Tote Bag,Accessories,33,31.36,TikTok Shop
2025-09-11,Silk Hijab,Apparel,28,28.04,TikTok Shop
2025-09-11,Heeled Wedges,Footwear,13,72.76,TikTok Shop
2025-09-12,Silk Hijab,Apparel,23,32.13,TikTok Shop
2025-09-12,Printed Blouse,Apparel,62,30.01,TikTok Shop
2025-09-12,Silk Hijab,Apparel,12,30.7,Shopee
2025-09-12,Silk Hijab,Apparel,11,34.0,Instagram
2025-09-12,Casual Kurung,Apparel,20,75.94,Shopee
2025-09-12,Tote Bag,Accessories,26,32.49,Instagram
2025-09-12,Casual Kurung,Apparel,29,82.58,TikTok Shop
2025-09-12,Printed Blouse,Apparel,34,36.18,TikTok Shop
2025-09-12,Heeled Wedges,Footwear,19,56.3,Shopee
2025-09-12,Printed Blouse,Apparel,16,31.79,TikTok Shop
2025-09-12,Silk Hijab,Apparel,13,33.35,TikTok Shop
2025-09-13,Tote Bag,Accessories,23,33.93,Shopee
2025-09-13,Printed Blouse,Apparel,50,32.24,Shopee
2025-09-13,Tote Bag,Accessories,18,34.21,TikTok Shop
2025-09-13,Canvas Sneakers,Footwear,11,57.11,TikTok Shop
2025-09-13,Printed Blouse,Apparel,34,37.38,Shopee
2025-09-13,Printed Blouse,Apparel,30,36.8,Shopee
2025-09-13,Batik Shirt,Apparel,32,63.09,Shopee
2025-09-13,Crossbody Bag,Accessories,18,69.21,TikTok Shop
2025-09-13,Silk Hijab,Apparel,20,34.24,Shopee
2025-09-13,Crossbody Bag,Accessories,22,78.85,Shopee
2025-09-13,Heeled Wedges,Footwear,11,74.3,TikTok Shop
2025-09-13,Baju Melayu Set,Apparel,42,96.03,Shopee
2025-09-14,Slip-on Sandals,Footwear,40,32.26,Shopee
2025-09-14,Canvas Sneakers,Footwear,45,49.49,Shopee
2025-09-14,Canvas Sneakers,Footwear,36,55.27,TikTok Shop
2025-09-14,Slip-on Sandals,Footwear,13,31.54,Shopee
2025-09-14,Printed Blouse,Apparel,27,30.62,TikTok Shop
2025-09-14,Printed Blouse,Apparel,19,34.85,Instagram
2025-09-14,Slip-on Sandals,Footwear,22,38.19,TikTok Shop
2025-09-14,Printed Blouse,Apparel,45,30.02,Shopee
2025-09-14,Heeled Wedges,Footwear,27,61.98,Instagram
2025-09-14,Tote Bag,Accessories,35,29.15,Shopee
2025-09-14,Casual Kurung,Apparel,19,84.18,TikTok Shop
2025-09-15,Tote Bag,Accessories,41,28.87,TikTok Shop
2025-09-15,Heeled Wedges,Footwear,40,55.48,Shopee
2025-09-15,Canvas Sneakers,Footwear,27,44.36,Shopee
2025-09-15,Batik Shirt,Apparel,7,63.14,Shopee
2025-09-15,Printed Blouse,Apparel,25,33.64,Shopee
2025-09-15,Slip-on Sandals,Footwear,42,34.48,TikTok Shop
2025-09-15,Crossbody Bag,Accessories,42,63.92,Shopee
2025-09-15,Printed Blouse,Apparel,20,37.58,Instagram
2025-09-15,Casual Kurung,Apparel,14,81.52,Instagram
2025-09-15,Batik Shirt,Apparel,12,60.98,Shopee
2025-09-15,Batik Shirt,Apparel,34,54.46,TikTok Shop
2025-09-15,Crossbody Bag,Accessories,16,80.37,TikTok Shop
2025-09-15,Baju Melayu Set,Apparel,33,97.22,Shopee
2025-09-15,Canvas Sneakers,Footwear,19,51.12,Shopee
2025-09-15,Baju Melayu Set,Apparel,5,76.83,Shopee
2025-09-16,Crossbody Bag,Accessories,32,70.82,Shopee
2025-09-16,Canvas Sneakers,Footwear,42,46.78,Instagram
2025-09-16,Casual Kurung,Apparel,11,80.45,Shopee
2025-09-16,Heeled Wedges,Footwear,8,65.51,Shopee
2025-09-16,Canvas Sneakers,Footwear,30,51.08,Shopee
2025-09-16,Heeled Wedges,Footwear,26,72.66,TikTok Shop
2025-09-16,Tote Bag,Accessories,27,30.98,Shopee
2025-09-16,Silk Hijab,Apparel,21,32.55,TikTok Shop
2025-09-16,Baju Melayu Set,Apparel,16,97.24,TikTok Shop
2025-09-16,Silk Hijab,Apparel,31,26.54,Shopee
2025-09-16,Crossbody Bag,Accessories,18,63.1,Shopee
2025-09-16,Slip-on Sandals,Footwear,2,39.87,Shopee
2025-09-16,Heeled Wedges,Footwear,17,59.32,Shopee
2025-09-16,Silk Hijab,Apparel,9,32.75,Shopee
2025-09-16,Baju Melayu Set,Apparel,38,98.76,TikTok Shop
2025-09-16,Batik Shirt,Apparel,10,56.3,Shopee
2025-09-17,Casual Kurung,Apparel,16,75.97,TikTok Shop
2025-09-17,Canvas Sneakers,Footwear,23,53.85,Instagram
2025-09-17,Crossbody Bag,Accessories,18,69.01,Shopee
2025-09-17,Printed Blouse,Apparel,9,39.86,Shopee
2025-09-17,Batik Shirt,Apparel,30,50.72,Shopee
2025-09-17,Canvas Sneakers,Footwear,31,53.37,Shopee
2025-09-17,Batik Shirt,Apparel,32,56.7,Shopee
2025-09-18,Casual Kurung,Apparel,25,67.51,Shopee
2025-09-18,Casual Kurung,Apparel,5,81.11,TikTok Shop
2025-09-18,Batik Shirt,Apparel,8,59.16,TikTok Shop
2025-09-18,Canvas Sneakers,Footwear,28,52.34,Shopee
2025-09-18,Tote Bag,Accessories,39,27.32,TikTok Shop
2025-09-18,Baju Melayu Set,Apparel,36,83.47,Shopee
2025-09-18,Silk Hijab,Apparel,40,29.64,TikTok Shop
2025-09-18,Casual Kurung,Apparel,23,84.58,Shopee
2025-09-18,Crossbody Bag,Accessories,13,64.85,TikTok Shop
2025-09-18,Casual Kurung,Apparel,24,83.22,TikTok Shop
2025-09-18,Casual Kurung,Apparel,2,79.11,TikTok Shop
2025-09-18,Batik Shirt,Apparel,31,59.37,TikTok Shop
2025-09-18,Casual Kurung,Apparel,54,64.19,TikTok Shop
2025-09-18,Baju Melayu Set,Apparel,6,102.73,Shopee
2025-09-18,Batik Shirt,Apparel,7,61.55,TikTok Shop
2025-09-18,Heeled Wedges,Footwear,51,59.01,TikTok Shop
2025-09-18,Silk Hijab,Apparel,20,32.07,Shopee
2025-09-18,Heeled Wedges,Footwear,12,65.94,Instagram
2025-09-19,Crossbody Bag,Accessories,36,75.77,TikTok Shop
2025-09-19,Casual Kurung,Apparel,33,69.5,Shopee
2025-09-19,Casual Kurung,Apparel,25,79.14,Shopee
2025-09-19,Silk Hijab,Apparel,41,27.04,TikTok Shop
2025-09-19,Tote Bag,Accessories,12,31.81,Shopee
2025-09-19,Canvas Sneakers,Footwear,11,50.56,Instagram
2025-09-19,Casual Kurung,Apparel,17,80.96,Instagram
2025-09-19,Batik Shirt,Apparel,9,48.46,Shopee
2025-09-19,Batik Shirt,Apparel,36,46.92,Shopee
2025-09-19,Baju Melayu Set,Apparel,4,99.19,Shopee
2025-09-19,Tote Bag,Accessories,33,30.97,TikTok Shop
2025-09-19,Heeled Wedges,Footwear,29,64.48,Shopee
2025-09-19,Slip-on Sandals,Footwear,33,35.16,Shopee
2025-09-19,Batik Shirt,Apparel,40,55.38,TikTok Shop
2025-09-19,Silk Hijab,Apparel,25,26.92,Shopee
2025-09-20,Batik Shirt,Apparel,27,54.04,Shopee
2025-09-20,Canvas Sneakers,Footwear,28,57.28,Instagram
2025-09-20,Heeled Wedges,Footwear,16,70.7,Shopee
2025-09-20,Crossbody Bag,Accessories,24,75.09,Shopee
2025-09-20,Batik Shirt,Apparel,11,55.91,Shopee
2025-09-20,Casual Kurung,Apparel,40,74.68,Instagram
2025-09-20,Silk Hijab,Apparel,36,26.25,Shopee
2025-09-21,Tote Bag,Accessories,30,33.7,Shopee
2025-09-21,Batik Shirt,Apparel,16,56.26,Shopee
2025-09-21,Printed Blouse,Apparel,7,38.81,Shopee
2025-09-21,Silk Hijab,Apparel,29,34.43,Shopee
2025-09-21,Casual Kurung,Apparel,52,71.59,Shopee
2025-09-21,Casual Kurung,Apparel,45,69.7,Shopee
2025-09-21,Batik Shirt,Apparel,11,50.61,Shopee
2025-09-21,Canvas Sneakers,Footwear,14,45.08,Instagram
2025-09-21,Tote Bag,Accessories,31,28.78,Shopee
2025-09-21,Heeled Wedges,Footwear,50,71.13,TikTok Shop
2025-09-21,Casual Kurung,Apparel,64,70.08,TikTok Shop
2025-09-22,Slip-on Sandals,Footwear,14,37.85,Shopee
2025-09-22,Baju Melayu Set,Apparel,30,91.44,TikTok Shop
2025-09-22,Baju Melayu Set,Apparel,31,88.78,Shopee
2025-09-22,Crossbody Bag,Accessories,12,79.28,Instagram
2025-09-22,Canvas Sneakers,Footwear,17,44.41,Shopee
2025-09-22,Batik Shirt,Apparel,6,57.48,Shopee
2025-09-22,Silk Hijab,Apparel,39,31.23,TikTok Shop
2025-09-22,Tote Bag,Accessories,16,31.55,Shopee
2025-09-22,Crossbody Bag,Accessories,11,75.35,Shopee
2025-09-22,Tote Bag,Accessories,23,27.23,Instagram
2025-09-22,Silk Hijab,Apparel,23,27.63,Shopee
2025-09-22,Batik Shirt,Apparel,11,50.36,Instagram
2025-09-22,Heeled Wedges,Footwear,15,62.89,Shopee
2025-09-22,Canvas Sneakers,Footwear,60,42.92,TikTok Shop
2025-09-22,Printed Blouse,Apparel,19,30.97,Instagram
2025-09-22,Silk Hijab,Apparel,28,29.07,Shopee
2025-09-22,Baju Melayu Set,Apparel,31,92.81,Instagram
2025-09-23,Silk Hijab,Apparel,16,32.33,TikTok Shop
2025-09-23,Crossbody Bag,Accessories,39,67.89,Shopee
2025-09-23,Baju Melayu Set,Apparel,26,101.92,TikTok Shop
2025-09-23,Casual Kurung,Apparel,34,75.86,Shopee
2025-09-23,Heeled Wedges,Footwear,26,64.91,Instagram
2025-09-23,Heeled Wedges,Footwear,43,66.18,TikTok Shop
2025-09-23,Baju Melayu Set,Apparel,6,96.3,Shopee
2025-09-23,Baju Melayu Set,Apparel,20,78.01,TikTok Shop
2025-09-23,Crossbody Bag,Accessories,37,68.68,TikTok Shop
2025-09-23,Baju Melayu Set,Apparel,25,100.09,TikTok Shop
2025-09-23,Baju Melayu Set,Apparel,31,102.46,Shopee
2025-09-23,Batik Shirt,Apparel,27,55.43,Shopee
2025-09-23,Canvas Sneakers,Footwear,20,43.42,Shopee
2025-09-23,Tote Bag,Accessories,41,29.96,TikTok Shop
2025-09-23,Silk Hijab,Apparel,15,30.56,Instagram
2025-09-24,Casual Kurung,Apparel,15,85.63,TikTok Shop
2025-09-24,Casual Kurung,Apparel,7,75.53,Shopee
2025-09-24,Heeled Wedges,Footwear,6,60.07,Instagram
2025-09-24,Crossbody Bag,Accessories,23,78.9,TikTok Shop
2025-09-24,Printed Blouse,Apparel,31,39.25,TikTok Shop
2025-09-24,Baju Melayu Set,Apparel,13,102.86,TikTok Shop
2025-09-24,Silk Hijab,Apparel,5,28.18,Shopee
2025-09-24,Crossbody Bag,Accessories,34,71.59,Instagram
2025-09-24,Casual Kurung,Apparel,55,65.83,TikTok Shop
2025-09-24,Tote Bag,Accessories,13,31.07,Shopee
2025-09-24,Tote Bag,Accessories,12,36.41,Shopee
2025-09-24,Canvas Sneakers,Footwear,6,49.53,Shopee
2025-09-24,Batik Shirt,Apparel,38,51.6,TikTok Shop
2025-09-25,Slip-on Sandals,Footwear,38,31.89,TikTok Shop
2025-09-25,Crossbody Bag,Accessories,24,70.58,TikTok Shop
2025-09-25,Slip-on Sandals,Footwear,63,30.91,Shopee
2025-09-25,Heeled Wedges,Footwear,38,62.42,Shopee
2025-09-25,Baju Melayu Set,Apparel,50,87.79,TikTok Shop
2025-09-25,Casual Kurung,Apparel,39,64.95,TikTok Shop
2025-09-25,Slip-on Sandals,Footwear,21,36.08,Shopee
2025-09-25,Casual Kurung,Apparel,55,70.15,Shopee
2025-09-25,Casual Kurung,Apparel,35,71.45,TikTok Shop
2025-09-25,Batik Shirt,Apparel,5,61.42,Instagram
2025-09-25,Tote Bag,Accessories,33,29.18,TikTok Shop
2025-09-25,Heeled Wedges,Footwear,12,68.11,Shopee
2025-09-26,Canvas Sneakers,Footwear,9,47.61,Shopee
2025-09-26,Crossbody Bag,Accessories,38,69.74,Shopee
2025-09-26,Batik Shirt,Apparel,18,48.92,Shopee
2025-09-26,Tote Bag,Accessories,54,32.69,TikTok Shop
2025-09-26,Printed Blouse,Apparel,30,40.01,Shopee
2025-09-26,Crossbody Bag,Accessories,53,73.47,TikTok Shop
2025-09-26,Canvas Sneakers,Footwear,32,57.35,TikTok Shop
2025-09-26,Batik Shirt,Apparel,7,61.28,Shopee
2025-09-26,Slip-on Sandals,Footwear,40,36.73,Shopee
2025-09-26,Heeled Wedges,Footwear,10,66.74,Shopee
2025-09-26,Tote Bag,Accessories,54,28.35,TikTok Shop
2025-09-26,Batik Shirt,Apparel,18,62.36,Shopee
2025-09-26,Silk Hijab,Apparel,46,27.53,Shopee
2025-09-26,Batik Shirt,Apparel,38,52.9,TikTok Shop
2025-09-26,Baju Melayu Set,Apparel,19,94.68,Instagram
2025-09-26,Baju Melayu Set,Apparel,48,84.72,Shopee
2025-09-26,Slip-on Sandals,Footwear,44,36.16,TikTok Shop
2025-09-27,Slip-on Sandals,Footwear,63,33.11,Shopee
2025-09-27,Canvas Sneakers,Footwear,30,45.5,TikTok Shop
2025-09-27,Batik Shirt,Apparel,38,59.39,Shopee
2025-09-27,Printed Blouse,Apparel,31,36.96,TikTok Shop
2025-09-27,Crossbody Bag,Accessories,7,74.15,Shopee
2025-09-27,Heeled Wedges,Footwear,17,58.84,TikTok Shop
2025-09-27,Baju Melayu Set,Apparel,16,90.37,Instagram
2025-09-27,Canvas Sneakers,Footwear,51,47.94,TikTok Shop
2025-09-27,Tote Bag,Accessories,65,28.48,Instagram
2025-09-27,Silk Hijab,Apparel,26,26.99,TikTok Shop
2025-09-28,Canvas Sneakers,Footwear,38,44.32,Shopee
2025-09-28,Canvas Sneakers,Footwear,53,47.26,TikTok Shop
2025-09-28,Silk Hijab,Apparel,11,33.67,Shopee
2025-09-28,Casual Kurung,Apparel,54,70.62,Shopee
2025-09-28,Silk Hijab,Apparel,81,26.24,TikTok Shop
2025-09-28,Printed Blouse,Apparel,7,40.13,Instagram
2025-09-28,Tote Bag,Accessories,10,35.5,TikTok Shop
2025-09-28,Canvas Sneakers,Footwear,40,52.66,Shopee
2025-09-28,Tote Bag,Accessories,15,35.42,Shopee
2025-09-28,Printed Blouse,Apparel,61,33.84,Shopee
2025-09-28,Printed Blouse,Apparel,30,38.94,Instagram
2025-09-28,Slip-on Sandals,Footwear,14,32.3,Instagram
2025-09-28,Canvas Sneakers,Footwear,28,42.69,TikTok Shop
2025-09-29,Crossbody Bag,Accessories,30,72.02,Shopee
2025-09-29,Batik Shirt,Apparel,43,55.9,TikTok Shop
2025-09-29,Casual Kurung,Apparel,21,75.31,Shopee
2025-09-29,Heeled Wedges,Footwear,41,56.03,Shopee
2025-09-29,Heeled Wedges,Footwear,26,57.39,TikTok Shop
2025-09-29,Printed Blouse,Apparel,74,31.42,TikTok Shop
2025-09-29,Silk Hijab,Apparel,28,27.18,Instagram
2025-09-29,Silk Hijab,Apparel,19,34.44,TikTok Shop
2025-09-29,Batik Shirt,Apparel,30,62.18,Shopee
2025-09-29,Heeled Wedges,Footwear,29,67.59,Shopee
2025-09-29,Baju Melayu Set,Apparel,11,93.81,Instagram
2025-09-29,Canvas Sneakers,Footwear,4,55.66,Shopee
2025-09-29,Silk Hijab,Apparel,53,29.13,TikTok Shop
2025-09-30,Printed Blouse,Apparel,55,34.11,TikTok Shop
2025-09-30,Slip-on Sandals,Footwear,27,39.47,Shopee
2025-09-30,Tote Bag,Accessories,28,33.39,TikTok Shop
2025-09-30,Printed Blouse,Apparel,22,37.87,Shopee
2025-09-30,Tote Bag,Accessories,24,31.49,Shopee
2025-09-30,Heeled Wedges,Footwear,44,56.4,TikTok Shop
2025-09-30,Baju Melayu Set,Apparel,39,102.61,Shopee
2025-09-30,Casual Kurung,Apparel,39,65.74,Shopee
2025-09-30,Canvas Sneakers,Footwear,32,52.64,Shopee
2025-09-30,Baju Melayu Set,Apparel,35,92.65,TikTok Shop
2025-09-30,Printed Blouse,Apparel,31,39.02,TikTok Shop
2025-09-30,Tote Bag,Accessories,26,36.09,TikTok Shop
2025-09-30,Crossbody Bag,Accessories,40,60.09,TikTok Shop
2025-09-30,Baju Melayu Set,Apparel,54,81.49,TikTok Shop
2025-09-30,Casual Kurung,Apparel,48,77.71,TikTok Shop
2025-09-30,Baju Melayu Set,Apparel,34,83.46,Shopee
2025-09-30,Canvas Sneakers,Footwear,21,55.49,Shopee
2025-09-30,Silk Hijab,Apparel,37,26.81,TikTok Shop
2025-10-01,Baju Melayu Set,Apparel,20,100.42,Shopee
2025-10-01,Casual Kurung,Apparel,23,71.13,Shopee
2025-10-01,Batik Shirt,Apparel,37,58.98,Shopee
2025-10-01,Canvas Sneakers,Footwear,45,50.07,TikTok Shop
2025-10-01,Heeled Wedges,Footwear,29,73.97,TikTok Shop
2025-10-01,Batik Shirt,Apparel,33,49.1,Shopee
2025-10-01,Casual Kurung,Apparel,25,69.98,Shopee
2025-10-01,Canvas Sneakers,Footwear,54,44.6,TikTok Shop
2025-10-01,Canvas Sneakers,Footwear,29,49.04,Shopee
2025-10-01,Heeled Wedges,Footwear,5,57.71,Shopee
2025-10-01,Slip-on Sandals,Footwear,12,35.96,Shopee
2025-10-01,Casual Kurung,Apparel,24,71.04,TikTok Shop
2025-10-01,Crossbody Bag,Accessories,10,68.05,Shopee
2025-10-01,Batik Shirt,Apparel,5,54.82,TikTok Shop
2025-10-02,Heeled Wedges,Footwear,9,60.6,Shopee
2025-10-02,Slip-on Sandals,Footwear,28,38.19,TikTok Shop
2025-10-02,Crossbody Bag,Accessories,36,60.18,Shopee
2025-10-02,Casual Kurung,Apparel,18,85.42,Shopee
2025-10-02,Canvas Sneakers,Footwear,39,46.47,Shopee
2025-10-02,Casual Kurung,Apparel,39,77.49,TikTok Shop
2025-10-02,Batik Shirt,Apparel,24,49.17,Instagram
2025-10-02,Slip-on Sandals,Footwear,9,31.81,Instagram
2025-10-02,Baju Melayu Set,Apparel,25,101.13,Shopee
2025-10-03,Canvas Sneakers,Footwear,17,49.9,TikTok Shop
2025-10-03,Printed Blouse,Apparel,21,38.69,TikTok Shop
2025-10-03,Printed Blouse,Apparel,38,36.15,TikTok Shop
2025-10-03,Batik Shirt,Apparel,16,55.87,Shopee
2025-10-03,Heeled Wedges,Footwear,42,58.68,TikTok Shop
2025-10-04,Baju Melayu Set,Apparel,35,91.8,Shopee
2025-10-04,Casual Kurung,Apparel,27,71.88,Shopee
2025-10-04,Batik Shirt,Apparel,47,47.26,Shopee
2025-10-04,Canvas Sneakers,Footwear,20,54.11,Instagram
2025-10-04,Heeled Wedges,Footwear,35,71.25,Shopee
2025-10-04,Slip-on Sandals,Footwear,15,37.8,TikTok Shop
2025-10-04,Crossbody Bag,Accessories,39,66.08,Shopee
2025-10-04,Crossbody Bag,Accessories,11,68.48,TikTok Shop
2025-10-04,Batik Shirt,Apparel,9,48.48,Shopee
2025-10-04,Batik Shirt,Apparel,20,55.87,TikTok Shop
2025-10-04,Baju Melayu Set,Apparel,32,102.35,Instagram
2025-10-04,Batik Shirt,Apparel,37,60.28,Shopee
2025-10-04,Silk Hijab,Apparel,16,34.33,Shopee
2025-10-04,Casual Kurung,Apparel,21,76.95,Shopee
2025-10-04,Baju Melayu Set,Apparel,20,93.23,Instagram
2025-10-04,Baju Melayu Set,Apparel,30,95.82,Shopee
2025-10-04,Silk Hijab,Apparel,23,33.44,TikTok Shop
2025-10-04,Slip-on Sandals,Footwear,8,37.65,TikTok Shop
2025-10-04,Heeled Wedges,Footwear,42,66.57,TikTok Shop
2025-10-04,Canvas Sneakers,Footwear,25,54.24,Shopee
2025-10-04,Crossbody Bag,Accessories,43,60.73,TikTok Shop
2025-10-04,Baju Melayu Set,Apparel,55,76.62,Shopee
2025-10-04,Baju Melayu Set,Apparel,55,80.66,TikTok Shop
2025-10-04,Crossbody Bag,Accessories,25,72.19,TikTok Shop
2025-10-05,Casual Kurung,Apparel,9,66.89,TikTok Shop
2025-10-05,Printed Blouse,Apparel,41,30.73,Shopee
2025-10-05,Baju Melayu Set,Apparel,19,84.53,Shopee
2025-10-05,Crossbody Bag,Accessories,39,73.33,TikTok Shop
2025-10-05,Batik Shirt,Apparel,36,56.05,TikTok Shop
2025-10-05,Canvas Sneakers,Footwear,12,56.45,Shopee
2025-10-05,Printed Blouse,Apparel,15,31.06,Shopee
2025-10-05,Heeled Wedges,Footwear,25,71.79,Shopee
2025-10-05,Tote Bag,Accessories,13,33.85,TikTok Shop
2025-10-05,Printed Blouse,Apparel,9,35.26,Shopee
2025-10-05,Canvas Sneakers,Footwear,13,55.4,Shopee
2025-10-06,Heeled Wedges,Footwear,34,61.73,Shopee
2025-10-06,Baju Melayu Set,Apparel,46,89.03,TikTok Shop
2025-10-06,Printed Blouse,Apparel,28,31.55,TikTok Shop
2025-10-06,Printed Blouse,Apparel,28,37.19,Instagram
2025-10-06,Crossbody Bag,Accessories,22,65.33,TikTok Shop
2025-10-06,Casual Kurung,Apparel,21,85.52,Instagram
2025-10-06,Crossbody Bag,Accessories,28,70.52,Shopee
2025-10-06,Batik Shirt,Apparel,33,59.25,TikTok Shop
2025-10-06,Printed Blouse,Apparel,7,31.13,Instagram
2025-10-07,Slip-on Sandals,Footwear,15,35.42,TikTok Shop
2025-10-07,Slip-on Sandals,Footwear,31,36.22,Shopee
2025-10-07,Batik Shirt,Apparel,28,47.08,Shopee
2025-10-07,Casual Kurung,Apparel,24,66.24,Shopee
2025-10-07,Baju Melayu Set,Apparel,33,81.44,Instagram
2025-10-07,Heeled Wedges,Footwear,26,66.39,Shopee
2025-10-07,Baju Melayu Set,Apparel,7,81.1,Instagram
2025-10-07,Baju Melayu Set,Apparel,16,79.81,TikTok Shop
2025-10-07,Heeled Wedges,Footwear,32,73.47,Shopee
2025-10-07,Heeled Wedges,Footwear,25,61.83,Shopee
2025-10-07,Slip-on Sandals,Footwear,29,35.19,Shopee
2025-10-07,Tote Bag,Accessories,31,32.04,Instagram
2025-10-07,Slip-on Sandals,Footwear,10,37.49,Instagram
2025-10-07,Baju Melayu Set,Apparel,25,99.53,TikTok Shop
2025-10-07,Silk Hijab,Apparel,8,28.75,Shopee
2025-10-08,Baju Melayu Set,Apparel,5,100.21,Shopee
2025-10-08,Crossbody Bag,Accessories,21,78.89,Shopee
2025-10-08,Crossbody Bag,Accessories,24,80.15,Shopee
2025-10-08,Casual Kurung,Apparel,31,65.78,Shopee
2025-10-08,Casual Kurung,Apparel,41,66.21,TikTok Shop
2025-10-08,Batik Shirt,Apparel,1,60.22,Shopee
2025-10-08,Baju Melayu Set,Apparel,24,99.66,Shopee
2025-10-08,Silk Hijab,Apparel,9,30.3,Shopee
2025-10-08,Slip-on Sandals,Footwear,28,36.29,TikTok Shop
2025-10-08,Baju Melayu Set,Apparel,15,92.33,Shopee
2025-10-08,Baju Melayu Set,Apparel,32,91.93,Shopee
2025-10-08,Tote Bag,Accessories,16,32.63,TikTok Shop
2025-10-08,Printed Blouse,Apparel,28,34.46,TikTok Shop
2025-10-08,Heeled Wedges,Footwear,11,71.11,Shopee
2025-10-08,Casual Kurung,Apparel,10,83.81,Instagram
2025-10-09,Slip-on Sandals,Footwear,30,33.98,TikTok Shop
2025-10-09,Baju Melayu Set,Apparel,5,80.48,Shopee
2025-10-09,Slip-on Sandals,Footwear,18,29.81,Instagram
2025-10-09,Printed Blouse,Apparel,7,33.62,TikTok Shop
2025-10-09,Slip-on Sandals,Footwear,25,37.64,Shopee
2025-10-09,Casual Kurung,Apparel,39,74.98,TikTok Shop
2025-10-09,Batik Shirt,Apparel,34,59.97,TikTok Shop
2025-10-09,Crossbody Bag,Accessories,40,65.72,Instagram
2025-10-09,Batik Shirt,Apparel,10,46.93,Instagram
2025-10-09,Batik Shirt,Apparel,22,51.12,Shopee
2025-10-09,Batik Shirt,Apparel,31,51.03,Shopee
2025-10-09,Casual Kurung,Apparel,11,63.82,TikTok Shop
2025-10-09,Printed Blouse,Apparel,7,31.43,TikTok Shop
2025-10-09,Silk Hijab,Apparel,38,27.03,TikTok Shop
2025-10-09,Batik Shirt,Apparel,47,51.64,Shopee
2025-10-10,Tote Bag,Accessories,6,32.92,TikTok Shop
2025-10-10,Batik Shirt,Apparel,49,47.35,TikTok Shop
2025-10-10,Heeled Wedges,Footwear,7,66.31,Instagram
2025-10-10,Casual Kurung,Apparel,12,77.16,TikTok Shop
2025-10-10,Canvas Sneakers,Footwear,11,56.76,Shopee
2025-10-10,Silk Hijab,Apparel,31,26.75,Instagram
2025-10-10,Silk Hijab,Apparel,27,25.76,Shopee
2025-10-11,Casual Kurung,Apparel,31,79.94,TikTok Shop
2025-10-11,Tote Bag,Accessories,45,31.08,TikTok Shop
2025-10-11,Printed Blouse,Apparel,21,31.19,Shopee
2025-10-11,Tote Bag,Accessories,22,29.78,Shopee
2025-10-11,Tote Bag,Accessories,44,32.9,Shopee
2025-10-11,Slip-on Sandals,Footwear,46,36.11,TikTok Shop
2025-10-11,Heeled Wedges,Footwear,15,71.38,TikTok Shop
2025-10-11,Printed Blouse,Apparel,19,37.19,TikTok Shop
2025-10-11,Heeled Wedges,Footwear,17,63.46,Shopee
2025-10-11,Casual Kurung,Apparel,21,72.39,TikTok Shop
2025-10-11,Slip-on Sandals,Footwear,11,39.28,Instagram
2025-10-11,Casual Kurung,Apparel,40,81.63,Shopee
2025-10-11,Canvas Sneakers,Footwear,43,43.18,TikTok Shop
2025-10-11,Canvas Sneakers,Footwear,19,49.95,Shopee
2025-10-11,Baju Melayu Set,Apparel,29,84.81,Instagram
2025-10-11,Printed Blouse,Apparel,17,36.02,Shopee
2025-10-11,Canvas Sneakers,Footwear,16,56.41,Shopee
2025-10-11,Baju Melayu Set,Apparel,6,84.08,Shopee
2025-10-12,Canvas Sneakers,Footwear,41,48.43,Shopee
2025-10-12,Baju Melayu Set,Apparel,30,92.35,Shopee
2025-10-12,Batik Shirt,Apparel,31,59.6,Instagram
2025-10-12,Printed Blouse,Apparel,13,32.39,TikTok Shop
2025-10-12,Baju Melayu Set,Apparel,19,83.87,Shopee
2025-10-12,Canvas Sneakers,Footwear,23,42.94,Shopee
2025-10-12,Heeled Wedges,Footwear,14,55.79,TikTok Shop
2025-10-12,Batik Shirt,Apparel,8,60.57,Shopee
2025-10-12,Batik Shirt,Apparel,16,49.79,Instagram
2025-10-12,Heeled Wedges,Footwear,51,55.49,TikTok Shop
2025-10-13,Canvas Sneakers,Footwear,7,55.59,TikTok Shop
2025-10-13,Crossbody Bag,Accessories,22,74.06,Shopee
2025-10-13,Slip-on Sandals,Footwear,23,36.22,Shopee
2025-10-13,Printed Blouse,Apparel,25,39.39,Shopee
2025-10-13,Heeled Wedges,Footwear,15,58.02,TikTok Shop
2025-10-13,Silk Hijab,Apparel,2,32.4,TikTok Shop
2025-10-13,Baju Melayu Set,Apparel,28,103.1,Shopee
2025-10-13,Tote Bag,Accessories,18,29.75,Shopee
2025-10-13,Tote Bag,Accessories,48,29.97,TikTok Shop
2025-10-13,Baju Melayu Set,Apparel,21,95.32,TikTok Shop
2025-10-13,Slip-on Sandals,Footwear,18,38.31,Shopee
2025-10-13,Batik Shirt,Apparel,2,61.19,Shopee
2025-10-13,Slip-on Sandals,Footwear,43,31.94,TikTok Shop
2025-10-13,Slip-on Sandals,Footwear,9,33.84,Shopee
2025-10-14,Slip-on Sandals,Footwear,8,33.04,Instagram
2025-10-14,Canvas Sneakers,Footwear,13,57.02,Shopee
2025-10-14,Casual Kurung,Apparel,12,76.61,Shopee
2025-10-14,Silk Hijab,Apparel,23,31.4,TikTok Shop
2025-10-14,Crossbody Bag,Accessories,22,79.99,Shopee
2025-10-14,Batik Shirt,Apparel,31,51.05,Shopee
2025-10-14,Canvas Sneakers,Footwear,28,52.9,Shopee
2025-10-14,Tote Bag,Accessories,22,35.72,Instagram
2025-10-14,Crossbody Bag,Accessories,32,67.56,Shopee
2025-10-14,Heeled Wedges,Footwear,28,55.63,Shopee
2025-10-14,Baju Melayu Set,Apparel,4,97.59,Instagram
2025-10-14,Baju Melayu Set,Apparel,12,99.8,Shopee
2025-10-14,Batik Shirt,Apparel,3,49.19,Shopee
2025-10-14,Crossbody Bag,Accessories,27,72.72,Shopee
2025-10-14,Crossbody Bag,Accessories,20,79.72,Shopee
2025-10-14,Crossbody Bag,Accessories,24,74.49,Shopee
2025-10-14,Baju Melayu Set,Apparel,19,86.8,Instagram
2025-10-15,Baju Melayu Set,Apparel,19,91.94,Instagram
2025-10-15,Heeled Wedges,Footwear,31,64.34,TikTok Shop
2025-10-15,Baju Melayu Set,Apparel,19,89.43,TikTok Shop
2025-10-15,Crossbody Bag,Accessories,8,63.5,TikTok Shop
2025-10-15,Baju Melayu Set,Apparel,16,97.13,TikTok Shop
2025-10-15,Silk Hijab,Apparel,5,29.92,Shopee
2025-10-15,Silk Hijab,Apparel,44,26.08,Shopee
2025-10-15,Crossbody Bag,Accessories,22,74.67,Shopee
2025-10-15,Heeled Wedges,Footwear,45,61.6,Shopee
2025-10-15,Canvas Sneakers,Footwear,19,49.44,Shopee
2025-10-15,Baju Melayu Set,Apparel,7,100.8,TikTok Shop
2025-10-15,Printed Blouse,Apparel,14,40.17,Shopee
2025-10-15,Baju Melayu Set,Apparel,19,79.2,Instagram
2025-10-15,Heeled Wedges,Footwear,31,70.34,Shopee
2025-10-15,Slip-on Sandals,Footwear,20,35.65,Shopee
2025-10-15,Batik Shirt,Apparel,47,48.42,Shopee
2025-10-15,Casual Kurung,Apparel,23,82.62,Shopee
2025-10-15,Baju Melayu Set,Apparel,4,91.97,Shopee
2025-10-15,Slip-on Sandals,Footwear,20,39.93,Instagram
2025-10-15,Canvas Sneakers,Footwear,33,49.03,Shopee
2025-10-15,Slip-on Sandals,Footwear,31,30.86,TikTok Shop
2025-10-16,Silk Hijab,Apparel,12,26.32,TikTok Shop
2025-10-16,Batik Shirt,Apparel,16,56.43,Shopee
2025-10-16,Crossbody Bag,Accessories,23,72.8,Shopee
2025-10-16,Heeled Wedges,Footwear,25,68.64,Instagram
2025-10-16,Tote Bag,Accessories,27,32.93,Instagram
2025-10-16,Tote Bag,Accessories,16,33.17,Shopee
2025-10-16,Silk Hijab,Apparel,21,31.63,Shopee
2025-10-16,Printed Blouse,Apparel,28,34.06,Shopee
2025-10-17,Printed Blouse,Apparel,17,36.64,Instagram
2025-10-17,Silk Hijab,Apparel,14,26.09,Shopee
2025-10-17,Heeled Wedges,Footwear,9,68.47,Instagram
2025-10-17,Tote Bag,Accessories,25,33.25,Shopee
2025-10-17,Heeled Wedges,Footwear,45,56.64,TikTok Shop
2025-10-17,Casual Kurung,Apparel,24,71.1,Shopee
2025-10-17,Slip-on Sandals,Footwear,12,38.12,Instagram
2025-10-17,Canvas Sneakers,Footwear,24,51.93,Shopee
2025-10-17,Printed Blouse,Apparel,7,36.8,Shopee
2025-10-17,Tote Bag,Accessories,15,33.62,Shopee
2025-10-17,Batik Shirt,Apparel,20,53.07,TikTok Shop
2025-10-17,Batik Shirt,Apparel,17,61.46,Shopee
2025-10-18,Slip-on Sandals,Footwear,37,33.29,Shopee
2025-10-18,Canvas Sneakers,Footwear,13,53.71,Shopee
2025-10-18,Canvas Sneakers,Footwear,24,44.24,Instagram
2025-10-18,Casual Kurung,Apparel,42,70.73,Shopee
2025-10-18,Printed Blouse,Apparel,20,32.2,Shopee
2025-10-18,Silk Hijab,Apparel,16,32.36,Shopee
2025-10-18,Baju Melayu Set,Apparel,44,93.37,Shopee
2025-10-18,Printed Blouse,Apparel,28,32.06,Instagram
2025-10-18,Heeled Wedges,Footwear,36,66.89,Instagram
2025-10-18,Canvas Sneakers,Footwear,44,46.74,TikTok Shop
2025-10-18,Casual Kurung,Apparel,42,74.14,Instagram
2025-10-18,Heeled Wedges,Footwear,18,61.24,TikTok Shop
2025-10-18,Printed Blouse,Apparel,13,29.8,Instagram
2025-10-18,Batik Shirt,Apparel,1,57.19,Shopee
2025-10-18,Tote Bag,Accessories,10,28.01,Shopee
2025-10-18,Batik Shirt,Apparel,42,51.69,Shopee
2025-10-18,Casual Kurung,Apparel,31,75.26,Instagram
2025-10-18,Tote Bag,Accessories,38,29.75,Shopee
2025-10-18,Batik Shirt,Apparel,10,49.53,Instagram
2025-10-18,Tote Bag,Accessories,52,28.12,Shopee
2025-10-19,Heeled Wedges,Footwear,17,60.79,Shopee
2025-10-19,Heeled Wedges,Footwear,12,71.15,Shopee
2025-10-19,Printed Blouse,Apparel,21,31.75,Shopee
2025-10-19,Canvas Sneakers,Footwear,9,49.4,Instagram
2025-10-19,Slip-on Sandals,Footwear,8,36.51,Shopee
2025-10-19,Slip-on Sandals,Footwear,19,39.3,TikTok Shop
2025-10-19,Slip-on Sandals,Footwear,24,40.21,Shopee
2025-10-19,Slip-on Sandals,Footwear,38,32.17,Shopee
2025-10-19,Baju Melayu Set,Apparel,42,76.88,Shopee
2025-10-19,Canvas Sneakers,Footwear,24,42.81,TikTok Shop
2025-10-19,Slip-on Sandals,Footwear,7,36.85,Shopee
2025-10-19,Canvas Sneakers,Footwear,12,54.12,Shopee
2025-10-19,Printed Blouse,Apparel,66,30.46,TikTok Shop
2025-10-19,Casual Kurung,Apparel,45,64.74,Shopee
2025-10-19,Canvas Sneakers,Footwear,58,44.37,Shopee
2025-10-20,Baju Melayu Set,Apparel,37,84.02,Shopee
2025-10-20,Heeled Wedges,Footwear,7,66.63,TikTok Shop
2025-10-20,Heeled Wedges,Footwear,10,57.32,Instagram
2025-10-20,Silk Hijab,Apparel,37,30.06,Instagram
2025-10-20,Canvas Sneakers,Footwear,35,52.63,TikTok Shop
2025-10-20,Crossbody Bag,Accessories,44,63.95,Shopee
2025-10-20,Baju Melayu Set,Apparel,22,91.06,Shopee
2025-10-20,Silk Hijab,Apparel,39,29.61,TikTok Shop
2025-10-20,Crossbody Bag,Accessories,1,74.9,Shopee
2025-10-20,Tote Bag,Accessories,21,33.84,TikTok Shop
2025-10-20,Heeled Wedges,Footwear,27,66.69,TikTok Shop
2025-10-20,Heeled Wedges,Footwear,30,60.01,Shopee
2025-10-20,Canvas Sneakers,Footwear,35,56.96,TikTok Shop
2025-10-20,Casual Kurung,Apparel,3,68.6,Shopee
2025-10-20,Silk Hijab,Apparel,23,26.52,Shopee
2025-10-20,Slip-on Sandals,Footwear,25,30.74,Shopee
2025-10-20,Heeled Wedges,Footwear,18,58.31,Shopee
2025-10-20,Crossbody Bag,Accessories,19,79.39,Shopee
2025-10-20,Slip-on Sandals,Footwear,24,39.36,TikTok Shop
2025-10-20,Casual Kurung,Apparel,25,66.26,Shopee
2025-10-20,Silk Hijab,Apparel,15,32.24,Shopee
2025-10-21,Heeled Wedges,Footwear,19,70.89,TikTok Shop
2025-10-21,Batik Shirt,Apparel,12,59.74,Shopee
2025-10-21,Tote Bag,Accessories,8,33.11,Shopee
2025-10-21,Printed Blouse,Apparel,11,39.78,Instagram
2025-10-21,Heeled Wedges,Footwear,13,56.33,TikTok Shop
2025-10-21,Casual Kurung,Apparel,22,82.3,TikTok Shop
2025-10-21,Heeled Wedges,Footwear,29,74.35,Shopee
2025-10-21,Heeled Wedges,Footwear,30,69.29,Shopee
2025-10-21,Tote Bag,Accessories,49,29.5,TikTok Shop
2025-10-21,Batik Shirt,Apparel,56,47.48,TikTok Shop
2025-10-21,Printed Blouse,Apparel,35,35.81,Shopee
2025-10-21,Tote Bag,Accessories,16,36.0,Instagram
2025-10-21,Baju Melayu Set,Apparel,8,79.24,TikTok Shop
2025-10-21,Batik Shirt,Apparel,20,59.25,Instagram
2025-10-21,Batik Shirt,Apparel,31,59.73,Instagram
2025-10-21,Batik Shirt,Apparel,8,60.25,Instagram
2025-10-21,Slip-on Sandals,Footwear,22,37.05,TikTok Shop
2025-10-22,Silk Hijab,Apparel,30,30.13,TikTok Shop
2025-10-22,Casual Kurung,Apparel,19,78.35,Shopee
2025-10-22,Slip-on Sandals,Footwear,22,36.64,Shopee
2025-10-22,Tote Bag,Accessories,40,31.51,Shopee
2025-10-22,Casual Kurung,Apparel,39,78.8,Shopee
2025-10-22,Batik Shirt,Apparel,11,58.03,TikTok Shop
2025-10-22,Casual Kurung,Apparel,10,65.83,Shopee
2025-10-22,Canvas Sneakers,Footwear,18,56.56,TikTok Shop
2025-10-22,Casual Kurung,Apparel,40,74.11,TikTok Shop
2025-10-22,Slip-on Sandals,Footwear,7,39.84,Shopee
2025-10-22,Tote Bag,Accessories,46,32.14,TikTok Shop
2025-10-22,Baju Melayu Set,Apparel,40,87.05,TikTok Shop
2025-10-22,Baju Melayu Set,Apparel,22,98.96,Shopee
2025-10-22,Slip-on Sandals,Footwear,5,39.3,Instagram
2025-10-22,Silk Hijab,Apparel,36,29.2,Shopee
2025-10-22,Slip-on Sandals,Footwear,10,35.18,Instagram
2025-10-23,Heeled Wedges,Footwear,48,61.57,TikTok Shop
2025-10-23,Tote Bag,Accessories,28,34.89,Shopee
2025-10-23,Crossbody Bag,Accessories,5,77.39,Instagram
2025-10-23,Casual Kurung,Apparel,32,84.96,Shopee
2025-10-23,Slip-on Sandals,Footwear,24,34.81,TikTok Shop
2025-10-23,Baju Melayu Set,Apparel,26,95.56,Instagram
2025-10-23,Silk Hijab,Apparel,40,30.63,TikTok Shop
2025-10-23,Baju Melayu Set,Apparel,46,91.88,TikTok Shop
2025-10-23,Tote Bag,Accessories,51,27.64,TikTok Shop
2025-10-24,Batik Shirt,Apparel,15,48.01,Shopee
2025-10-24,Batik Shirt,Apparel,35,60.45,TikTok Shop
2025-10-24,Tote Bag,Accessories,30,28.11,TikTok Shop
2025-10-24,Tote Bag,Accessories,6,33.89,TikTok Shop
2025-10-24,Tote Bag,Accessories,36,32.63,Instagram
2025-10-24,Batik Shirt,Apparel,39,50.7,Shopee
2025-10-24,Silk Hijab,Apparel,19,34.23,Shopee
2025-10-24,Slip-on Sandals,Footwear,43,31.46,TikTok Shop
2025-10-24,Silk Hijab,Apparel,10,25.54,Shopee
2025-10-24,Canvas Sneakers,Footwear,45,42.7,Shopee
2025-10-24,Printed Blouse,Apparel,4,38.63,Shopee
2025-10-25,Printed Blouse,Apparel,42,35.5,Shopee
2025-10-25,Crossbody Bag,Accessories,34,66.02,Instagram
2025-10-25,Batik Shirt,Apparel,88,47.14,TikTok Shop
2025-10-25,Crossbody Bag,Accessories,45,70.06,Shopee
2025-10-25,Silk Hijab,Apparel,27,28.93,Instagram
2025-10-25,Heeled Wedges,Footwear,57,57.84,TikTok Shop
2025-10-25,Printed Blouse,Apparel,25,39.43,Instagram
2025-10-25,Tote Bag,Accessories,21,35.32,Instagram
2025-10-25,Crossbody Bag,Accessories,36,72.21,Shopee
2025-10-25,Slip-on Sandals,Footwear,7,38.19,TikTok Shop
2025-10-25,Batik Shirt,Apparel,51,50.42,Instagram
2025-10-26,Canvas Sneakers,Footwear,50,48.86,Shopee
2025-10-26,Baju Melayu Set,Apparel,20,81.17,TikTok Shop
2025-10-26,Canvas Sneakers,Footwear,48,46.6,TikTok Shop
2025-10-26,Baju Melayu Set,Apparel,8,87.21,TikTok Shop
2025-10-26,Heeled Wedges,Footwear,58,68.0,Shopee
2025-10-26,Canvas Sneakers,Footwear,19,57.34,Shopee
2025-10-26,Slip-on Sandals,Footwear,15,38.39,Shopee
2025-10-26,Batik Shirt,Apparel,68,56.63,TikTok Shop
2025-10-26,Slip-on Sandals,Footwear,28,38.68,TikTok Shop
2025-10-26,Casual Kurung,Apparel,27,76.93,TikTok Shop
2025-10-26,Batik Shirt,Apparel,11,62.58,Shopee
2025-10-27,Batik Shirt,Apparel,36,59.3,Instagram
2025-10-27,Batik Shirt,Apparel,30,51.54,Instagram
2025-10-27,Tote Bag,Accessories,55,27.28,Instagram
2025-10-27,Heeled Wedges,Footwear,19,70.37,Instagram
2025-10-27,Crossbody Bag,Accessories,43,71.09,TikTok Shop
2025-10-27,Crossbody Bag,Accessories,8,73.87,Shopee
2025-10-27,Baju Melayu Set,Apparel,52,83.91,TikTok Shop
2025-10-27,Tote Bag,Accessories,49,29.54,Instagram
2025-10-27,Crossbody Bag,Accessories,33,67.25,Shopee
2025-10-27,Silk Hijab,Apparel,18,33.07,Shopee
2025-10-27,Baju Melayu Set,Apparel,37,89.7,Shopee
2025-10-28,Crossbody Bag,Accessories,38,70.89,TikTok Shop
2025-10-28,Heeled Wedges,Footwear,11,59.78,Shopee
2025-10-28,Heeled Wedges,Footwear,71,58.15,TikTok Shop
2025-10-28,Baju Melayu Set,Apparel,35,98.23,Shopee
2025-10-28,Heeled Wedges,Footwear,5,73.69,TikTok Shop
2025-10-28,Silk Hijab,Apparel,17,29.99,Shopee
2025-10-28,Tote Bag,Accessories,28,27.46,Shopee
2025-10-28,Heeled Wedges,Footwear,14,66.04,Shopee
2025-10-28,Batik Shirt,Apparel,8,62.49,TikTok Shop
2025-10-28,Batik Shirt,Apparel,34,55.3,Shopee
2025-10-28,Slip-on Sandals,Footwear,19,30.81,Shopee
2025-10-28,Crossbody Bag,Accessories,16,79.32,TikTok Shop
2025-10-28,Crossbody Bag,Accessories,24,67.56,Shopee
2025-10-28,Crossbody Bag,Accessories,46,72.81,Shopee
2025-10-29,Canvas Sneakers,Footwear,40,52.02,TikTok Shop
2025-10-29,Baju Melayu Set,Apparel,4,102.74,Shopee
2025-10-29,Crossbody Bag,Accessories,8,67.7,Instagram
2025-10-29,Batik Shirt,Apparel,17,61.24,Shopee
2025-10-29,Casual Kurung,Apparel,7,73.2,Instagram
2025-10-29,Batik Shirt,Apparel,10,60.69,TikTok Shop
2025-10-29,Crossbody Bag,Accessories,23,76.74,TikTok Shop
2025-10-29,Baju Melayu Set,Apparel,4,82.07,Instagram
2025-10-29,Silk Hijab,Apparel,29,26.19,Shopee
2025-10-29,Canvas Sneakers,Footwear,41,53.08,Shopee
2025-10-29,Baju Melayu Set,Apparel,46,94.57,TikTok Shop
2025-10-29,Casual Kurung,Apparel,14,75.82,Shopee
2025-10-29,Batik Shirt,Apparel,30,48.65,Shopee
2025-10-30,Casual Kurung,Apparel,10,81.33,Shopee
2025-10-30,Batik Shirt,Apparel,40,61.93,TikTok Shop
2025-10-30,Tote Bag,Accessories,50,29.11,Instagram
2025-10-30,Printed Blouse,Apparel,43,31.24,TikTok Shop
2025-10-30,Printed Blouse,Apparel,43,31.22,Shopee
2025-10-30,Canvas Sneakers,Footwear,31,55.42,Shopee
2025-10-30,Silk Hijab,Apparel,37,26.32,Instagram
2025-10-30,Casual Kurung,Apparel,34,75.75,Shopee
2025-10-30,Printed Blouse,Apparel,26,38.69,Shopee
2025-10-30,Tote Bag,Accessories,61,27.46,TikTok Shop
2025-10-30,Batik Shirt,Apparel,19,49.06,Instagram
2025-10-30,Silk Hijab,Apparel,4,31.59,Shopee
2025-10-31,Baju Melayu Set,Apparel,17,93.26,Shopee
2025-10-31,Printed Blouse,Apparel,10,32.79,Instagram
2025-10-31,Batik Shirt,Apparel,19,56.96,Shopee
2025-10-31,Baju Melayu Set,Apparel,38,101.39,TikTok Shop
2025-10-31,Silk Hijab,Apparel,33,30.91,TikTok Shop
2025-10-31,Heeled Wedges,Footwear,9,74.67,TikTok Shop
2025-10-31,Baju Melayu Set,Apparel,34,85.05,TikTok Shop
2025-10-31,Crossbody Bag,Accessories,38,76.0,Instagram
2025-10-31,Baju Melayu Set,Apparel,21,101.9,Shopee
2025-10-31,Canvas Sneakers,Footwear,20,50.65,TikTok Shop
2025-10-31,Crossbody Bag,Accessories,23,60.16,Shopee
2025-10-31,Printed Blouse,Apparel,52,33.93,TikTok Shop
2025-10-31,Printed Blouse,Apparel,15,40.18,TikTok Shop
2025-10-31,Batik Shirt,Apparel,29,59.04,Shopee
2025-11-01,Heeled Wedges,Footwear,5,72.18,Instagram
2025-11-01,Heeled Wedges,Footwear,43,67.04,Shopee
2025-11-01,Canvas Sneakers,Footwear,26,55.74,Instagram
2025-11-01,Slip-on Sandals,Footwear,47,34.47,TikTok Shop
2025-11-01,Heeled Wedges,Footwear,15,67.26,Shopee
2025-11-01,Heeled Wedges,Footwear,37,66.88,Shopee
2025-11-01,Slip-on Sandals,Footwear,10,37.47,Shopee
2025-11-01,Casual Kurung,Apparel,53,66.86,TikTok Shop
2025-11-01,Tote Bag,Accessories,11,36.25,Shopee
2025-11-02,Baju Melayu Set,Apparel,39,95.75,Shopee
2025-11-02,Silk Hijab,Apparel,18,31.45,Shopee
2025-11-02,Batik Shirt,Apparel,40,60.41,TikTok Shop
2025-11-02,Canvas Sneakers,Footwear,31,47.43,Shopee
2025-11-02,Printed Blouse,Apparel,9,31.61,Shopee
2025-11-02,Crossbody Bag,Accessories,10,77.42,TikTok Shop
2025-11-02,Casual Kurung,Apparel,44,68.34,Shopee
2025-11-02,Batik Shirt,Apparel,46,47.03,Shopee
2025-11-02,Canvas Sneakers,Footwear,27,52.77,Instagram
2025-11-02,Casual Kurung,Apparel,37,83.3,TikTok Shop
2025-11-03,Baju Melayu Set,Apparel,8,102.8,TikTok Shop
2025-11-03,Batik Shirt,Apparel,37,60.62,TikTok Shop
2025-11-03,Canvas Sneakers,Footwear,20,50.78,TikTok Shop
2025-11-03,Crossbody Bag,Accessories,12,75.79,Shopee
2025-11-03,Silk Hijab,Apparel,25,33.53,Shopee
2025-11-03,Canvas Sneakers,Footwear,5,50.7,Shopee
2025-11-03,Casual Kurung,Apparel,19,76.3,Shopee
2025-11-03,Tote Bag,Accessories,24,36.59,TikTok Shop
2025-11-03,Slip-on Sandals,Footwear,17,30.8,Instagram
2025-11-03,Silk Hijab,Apparel,52,26.34,TikTok Shop
2025-11-03,Batik Shirt,Apparel,15,47.49,Shopee
2025-11-03,Canvas Sneakers,Footwear,12,54.76,Shopee
2025-11-03,Baju Melayu Set,Apparel,9,95.09,Shopee
2025-11-04,Slip-on Sandals,Footwear,47,34.66,TikTok Shop
2025-11-04,Slip-on Sandals,Footwear,24,38.97,Shopee
2025-11-04,Canvas Sneakers,Footwear,7,55.72,Shopee
2025-11-04,Printed Blouse,Apparel,14,39.23,Instagram
2025-11-04,Batik Shirt,Apparel,21,51.61,TikTok Shop
2025-11-04,Casual Kurung,Apparel,20,73.52,Instagram
2025-11-04,Slip-on Sandals,Footwear,33,30.6,Instagram
2025-11-04,Tote Bag,Accessories,3,30.78,TikTok Shop
2025-11-04,Crossbody Bag,Accessories,16,75.54,Shopee
2025-11-04,Batik Shirt,Apparel,29,49.13,Instagram
2025-11-04,Heeled Wedges,Footwear,30,55.55,Shopee
2025-11-05,Slip-on Sandals,Footwear,23,35.47,Shopee
2025-11-05,Heeled Wedges,Footwear,18,67.96,Shopee
2025-11-05,Crossbody Bag,Accessories,27,79.78,TikTok Shop
2025-11-05,Slip-on Sandals,Footwear,35,30.04,TikTok Shop
2025-11-05,Slip-on Sandals,Footwear,46,35.02,TikTok Shop
2025-11-05,Printed Blouse,Apparel,35,35.32,TikTok Shop
2025-11-05,Canvas Sneakers,Footwear,14,43.3,Shopee
2025-11-05,Printed Blouse,Apparel,22,35.28,Shopee
2025-11-05,Tote Bag,Accessories,54,30.2,TikTok Shop
2025-11-05,Batik Shirt,Apparel,51,51.44,TikTok Shop
2025-11-06,Baju Melayu Set,Apparel,25,102.68,TikTok Shop
2025-11-06,Slip-on Sandals,Footwear,30,31.85,Instagram
2025-11-06,Batik Shirt,Apparel,19,55.33,TikTok Shop
2025-11-06,Heeled Wedges,Footwear,12,63.23,Instagram
2025-11-06,Printed Blouse,Apparel,13,35.02,Shopee
2025-11-06,Slip-on Sandals,Footwear,30,32.91,Shopee
2025-11-06,Baju Melayu Set,Apparel,31,90.36,Instagram
2025-11-06,Silk Hijab,Apparel,12,30.43,Shopee
2025-11-06,Casual Kurung,Apparel,34,65.48,Instagram
2025-11-06,Silk Hijab,Apparel,16,33.82,TikTok Shop
2025-11-07,Slip-on Sandals,Footwear,13,30.23,TikTok Shop
2025-11-07,Silk Hijab,Apparel,32,32.34,TikTok Shop
2025-11-07,Silk Hijab,Apparel,30,28.88,TikTok Shop
2025-11-07,Batik Shirt,Apparel,6,51.76,Shopee
2025-11-07,Slip-on Sandals,Footwear,9,33.37,Shopee
2025-11-07,Silk Hijab,Apparel,23,30.61,Shopee
2025-11-07,Crossbody Bag,Accessories,10,66.92,TikTok Shop
2025-11-07,Tote Bag,Accessories,20,36.34,TikTok Shop
2025-11-07,Silk Hijab,Apparel,5,34.18,Shopee
2025-11-07,Slip-on Sandals,Footwear,43,32.25,TikTok Shop
2025-11-07,Canvas Sneakers,Footwear,31,50.28,Shopee
2025-11-07,Batik Shirt,Apparel,47,48.49,Shopee
2025-11-07,Silk Hijab,Apparel,7,31.89,Shopee
2025-11-07,Printed Blouse,Apparel,21,34.48,TikTok Shop
2025-11-07,Slip-on Sandals,Footwear,30,37.04,Shopee
2025-11-08,Canvas Sneakers,Footwear,11,47.41,Shopee
2025-11-08,Slip-on Sandals,Footwear,4,39.77,Shopee
2025-11-08,Batik Shirt,Apparel,50,54.12,Shopee
2025-11-08,Baju Melayu Set,Apparel,34,102.72,Shopee
2025-11-08,Canvas Sneakers,Footwear,48,50.67,Shopee
2025-11-08,Printed Blouse,Apparel,70,32.59,Shopee
2025-11-08,Canvas Sneakers,Footwear,100,43.89,TikTok Shop
2025-11-08,Batik Shirt,Apparel,36,54.8,Shopee
2025-11-08,Tote Bag,Accessories,57,30.15,Shopee
2025-11-09,Printed Blouse,Apparel,13,37.12,Shopee
2025-11-09,Canvas Sneakers,Footwear,33,55.01,Shopee
2025-11-09,Canvas Sneakers,Footwear,13,46.15,TikTok Shop
2025-11-09,Crossbody Bag,Accessories,36,74.35,Shopee
2025-11-09,Canvas Sneakers,Footwear,85,43.79,TikTok Shop
2025-11-09,Crossbody Bag,Accessories,31,60.36,Shopee
2025-11-09,Slip-on Sandals,Footwear,24,40.24,TikTok Shop
2025-11-09,Casual Kurung,Apparel,39,78.21,Shopee
2025-11-09,Printed Blouse,Apparel,35,32.97,TikTok Shop
2025-11-09,Baju Melayu Set,Apparel,45,85.14,Shopee
2025-11-09,Baju Melayu Set,Apparel,61,89.64,Shopee
2025-11-09,Printed Blouse,Apparel,80,33.88,TikTok Shop
2025-11-09,Baju Melayu Set,Apparel,27,84.51,Shopee
2025-11-09,Printed Blouse,Apparel,32,30.61,Shopee
2025-11-09,Tote Bag,Accessories,26,30.72,TikTok Shop
2025-11-10,Heeled Wedges,Footwear,25,60.7,Shopee
2025-11-10,Heeled Wedges,Footwear,31,71.36,Shopee
2025-11-10,Heeled Wedges,Footwear,24,61.89,TikTok Shop
2025-11-10,Crossbody Bag,Accessories,53,72.2,TikTok Shop
2025-11-10,Printed Blouse,Apparel,45,31.96,Shopee
2025-11-10,Baju Melayu Set,Apparel,17,83.79,TikTok Shop
2025-11-10,Slip-on Sandals,Footwear,31,38.61,TikTok Shop
2025-11-10,Crossbody Bag,Accessories,52,62.56,TikTok Shop
2025-11-10,Silk Hijab,Apparel,41,26.51,Shopee
2025-11-10,Tote Bag,Accessories,24,27.45,Shopee
2025-11-10,Casual Kurung,Apparel,31,70.25,Shopee
2025-11-10,Silk Hijab,Apparel,15,33.59,TikTok Shop
2025-11-10,Heeled Wedges,Footwear,59,61.14,TikTok Shop
2025-11-10,Heeled Wedges,Footwear,70,59.97,TikTok Shop
2025-11-10,Casual Kurung,Apparel,31,64.82,Instagram
2025-11-10,Tote Bag,Accessories,10,32.68,TikTok Shop
2025-11-11,Slip-on Sandals,Footwear,27,39.52,Shopee
2025-11-11,Tote Bag,Accessories,16,33.83,Shopee
2025-11-11,Crossbody Bag,Accessories,10,68.86,TikTok Shop
2025-11-11,Casual Kurung,Apparel,17,82.58,TikTok Shop
2025-11-11,Baju Melayu Set,Apparel,30,80.6,Shopee
2025-11-11,Casual Kurung,Apparel,14,64.41,Instagram
2025-11-11,Silk Hijab,Apparel,49,27.26,Shopee
2025-11-11,Heeled Wedges,Footwear,43,74.67,Shopee
2025-11-11,Silk Hijab,Apparel,31,34.17,Shopee
2025-11-11,Canvas Sneakers,Footwear,23,53.1,TikTok Shop
2025-11-11,Heeled Wedges,Footwear,48,65.45,TikTok Shop
2025-11-11,Batik Shirt,Apparel,35,58.04,Shopee
2025-11-11,Batik Shirt,Apparel,31,62.16,Shopee
2025-11-11,Silk Hijab,Apparel,13,30.35,Shopee
2025-11-11,Silk Hijab,Apparel,17,28.9,Shopee
2025-11-11,Slip-on Sandals,Footwear,47,37.57,Shopee
2025-11-11,Silk Hijab,Apparel,29,32.45,TikTok Shop
2025-11-11,Silk Hijab,Apparel,85,26.4,TikTok Shop
2025-11-11,Canvas Sneakers,Footwear,16,51.56,TikTok Shop
2025-11-11,Slip-on Sandals,Footwear,12,36.51,Shopee
2025-11-12,Batik Shirt,Apparel,54,54.33,Shopee
2025-11-12,Tote Bag,Accessories,14,33.54,Shopee
2025-11-12,Heeled Wedges,Footwear,26,62.37,Shopee
2025-11-12,Canvas Sneakers,Footwear,47,46.28,Instagram
2025-11-12,Casual Kurung,Apparel,33,64.92,Instagram
2025-11-12,Baju Melayu Set,Apparel,48,86.77,Shopee
2025-11-12,Crossbody Bag,Accessories,38,77.43,Shopee
2025-11-12,Casual Kurung,Apparel,5,65.6,Instagram
2025-11-12,Crossbody Bag,Accessories,52,68.37,Instagram
2025-11-12,Printed Blouse,Apparel,42,38.0,Instagram
2025-11-12,Baju Melayu Set,Apparel,55,92.46,TikTok Shop
2025-11-12,Printed Blouse,Apparel,48,35.96,TikTok Shop
2025-11-12,Slip-on Sandals,Footwear,47,30.47,Instagram
2025-11-12,Tote Bag,Accessories,44,31.37,Shopee
2025-11-13,Baju Melayu Set,Apparel,41,78.63,Shopee
2025-11-13,Batik Shirt,Apparel,7,50.89,Shopee
2025-11-13,Baju Melayu Set,Apparel,53,79.34,TikTok Shop
2025-11-13,Slip-on Sandals,Footwear,19,36.05,TikTok Shop
2025-11-13,Baju Melayu Set,Apparel,23,86.62,TikTok Shop
2025-11-13,Printed Blouse,Apparel,35,38.96,TikTok Shop
2025-11-13,Heeled Wedges,Footwear,41,68.93,TikTok Shop
2025-11-13,Crossbody Bag,Accessories,12,63.06,TikTok Shop
2025-11-13,Canvas Sneakers,Footwear,17,53.47,Shopee
2025-11-13,Printed Blouse,Apparel,24,34.41,TikTok Shop
2025-11-13,Printed Blouse,Apparel,44,30.47,TikTok Shop
2025-11-13,Casual Kurung,Apparel,43,72.16,TikTok Shop
2025-11-13,Tote Bag,Accessories,13,33.05,Shopee
2025-11-14,Baju Melayu Set,Apparel,29,90.01,TikTok Shop
2025-11-14,Casual Kurung,Apparel,38,84.09,TikTok Shop
2025-11-14,Canvas Sneakers,Footwear,45,46.75,Shopee
2025-11-14,Heeled Wedges,Footwear,9,74.0,TikTok Shop
2025-11-14,Canvas Sneakers,Footwear,19,56.91,TikTok Shop
2025-11-14,Crossbody Bag,Accessories,19,59.78,Shopee
2025-11-14,Casual Kurung,Apparel,8,81.99,TikTok Shop
2025-11-14,Heeled Wedges,Footwear,7,73.9,Shopee
2025-11-14,Crossbody Bag,Accessories,12,69.42,TikTok Shop
2025-11-14,Casual Kurung,Apparel,44,77.63,TikTok Shop
2025-11-14,Batik Shirt,Apparel,1,59.54,Shopee
2025-11-14,Baju Melayu Set,Apparel,43,79.92,Shopee
2025-11-14,Canvas Sneakers,Footwear,26,53.74,TikTok Shop
2025-11-15,Heeled Wedges,Footwear,47,62.58,Shopee
2025-11-15,Tote Bag,Accessories,18,28.14,Shopee
2025-11-15,Canvas Sneakers,Footwear,21,51.98,TikTok Shop
2025-11-15,Tote Bag,Accessories,20,35.58,TikTok Shop
2025-11-15,Heeled Wedges,Footwear,18,65.88,Shopee
2025-11-15,Heeled Wedges,Footwear,9,67.62,Shopee
2025-11-15,Canvas Sneakers,Footwear,41,47.76,Shopee
2025-11-15,Casual Kurung,Apparel,2,84.55,Shopee
2025-11-15,Heeled Wedges,Footwear,30,69.37,Shopee
2025-11-15,Canvas Sneakers,Footwear,32,49.14,Shopee
2025-11-15,Batik Shirt,Apparel,4,59.41,Shopee
2025-11-15,Canvas Sneakers,Footwear,4,55.38,TikTok Shop
2025-11-16,Canvas Sneakers,Footwear,17,52.03,Shopee
2025-11-16,Crossbody Bag,Accessories,33,73.21,Instagram
2025-11-16,Heeled Wedges,Footwear,14,61.38,Shopee
2025-11-16,Batik Shirt,Apparel,5,62.11,Instagram
2025-11-16,Heeled Wedges,Footwear,41,62.89,Shopee
2025-11-16,Heeled Wedges,Footwear,8,72.41,Shopee
2025-11-16,Tote Bag,Accessories,10,30.59,Shopee
2025-11-16,Heeled Wedges,Footwear,9,73.24,TikTok Shop
2025-11-16,Tote Bag,Accessories,19,27.37,Shopee
2025-11-16,Tote Bag,Accessories,44,32.72,TikTok Shop
2025-11-16,Baju Melayu Set,Apparel,3,97.95,Shopee
2025-11-16,Printed Blouse,Apparel,5,37.89,TikTok Shop
2025-11-16,Batik Shirt,Apparel,30,58.32,Shopee
2025-11-16,Baju Melayu Set,Apparel,28,95.34,TikTok Shop
2025-11-16,Batik Shirt,Apparel,11,53.01,Shopee
2025-11-16,Printed Blouse,Apparel,19,31.65,Shopee
2025-11-16,Batik Shirt,Apparel,23,55.9,Instagram
2025-11-17,Canvas Sneakers,Footwear,9,52.07,Shopee
2025-11-17,Crossbody Bag,Accessories,15,73.29,Shopee
2025-11-17,Tote Bag,Accessories,25,34.27,Shopee
2025-11-17,Batik Shirt,Apparel,32,49.95,Instagram
2025-11-17,Baju Melayu Set,Apparel,35,95.72,Shopee
2025-11-17,Slip-on Sandals,Footwear,51,33.02,TikTok Shop
2025-11-17,Baju Melayu Set,Apparel,2,102.95,TikTok Shop
2025-11-17,Crossbody Bag,Accessories,40,60.6,Shopee
2025-11-17,Silk Hijab,Apparel,17,33.36,Shopee
2025-11-17,Baju Melayu Set,Apparel,50,85.27,TikTok Shop
2025-11-17,Crossbody Bag,Accessories,25,61.26,Shopee
2025-11-17,Printed Blouse,Apparel,29,30.3,Shopee
2025-11-17,Silk Hijab,Apparel,24,30.08,Shopee
2025-11-17,Silk Hijab,Apparel,32,29.3,Shopee
2025-11-17,Slip-on Sandals,Footwear,42,34.98,Shopee
2025-11-18,Tote Bag,Accessories,43,28.3,TikTok Shop
2025-11-18,Tote Bag,Accessories,33,35.67,TikTok Shop
2025-11-18,Slip-on Sandals,Footwear,2,39.89,Shopee
2025-11-18,Canvas Sneakers,Footwear,12,53.99,Shopee
2025-11-18,Batik Shirt,Apparel,19,49.45,Shopee
2025-11-18,Tote Bag,Accessories,12,32.96,Shopee
2025-11-18,Casual Kurung,Apparel,8,83.03,TikTok Shop
2025-11-18,Batik Shirt,Apparel,35,49.74,Shopee
2025-11-18,Silk Hijab,Apparel,15,27.79,Instagram
2025-11-18,Silk Hijab,Apparel,45,30.25,TikTok Shop
2025-11-18,Casual Kurung,Apparel,44,68.76,Shopee
2025-11-18,Crossbody Bag,Accessories,29,78.73,Shopee
2025-11-18,Printed Blouse,Apparel,27,39.68,TikTok Shop
2025-11-18,Heeled Wedges,Footwear,8,73.83,Instagram
2025-11-18,Batik Shirt,Apparel,22,59.3,Instagram
2025-11-18,Silk Hijab,Apparel,33,28.19,Shopee
2025-11-18,Crossbody Bag,Accessories,27,64.44,Instagram
2025-11-18,Crossbody Bag,Accessories,24,63.77,TikTok Shop
2025-11-19,Heeled Wedges,Footwear,37,65.75,Instagram
2025-11-19,Silk Hijab,Apparel,9,32.74,Instagram
2025-11-19,Batik Shirt,Apparel,25,53.56,Shopee
2025-11-19,Heeled Wedges,Footwear,23,72.68,Instagram
2025-11-19,Printed Blouse,Apparel,7,37.84,Shopee
2025-11-19,Heeled Wedges,Footwear,35,58.31,Shopee
2025-11-19,Printed Blouse,Apparel,1,37.63,Shopee
2025-11-19,Batik Shirt,Apparel,24,48.73,Shopee
2025-11-19,Slip-on Sandals,Footwear,17,30.45,TikTok Shop
2025-11-19,Casual Kurung,Apparel,24,71.29,Shopee
2025-11-20,Silk Hijab,Apparel,15,32.55,Shopee
2025-11-20,Tote Bag,Accessories,17,34.24,Shopee
2025-11-20,Crossbody Bag,Accessories,22,74.76,Shopee
2025-11-20,Baju Melayu Set,Apparel,18,99.89,TikTok Shop
2025-11-20,Heeled Wedges,Footwear,15,65.66,Shopee
2025-11-20,Tote Bag,Accessories,8,33.9,Shopee
2025-11-20,Heeled Wedges,Footwear,28,67.22,Shopee
2025-11-20,Slip-on Sandals,Footwear,31,38.01,Shopee
2025-11-21,Printed Blouse,Apparel,34,35.98,Instagram
2025-11-21,Slip-on Sandals,Footwear,11,30.62,Shopee
2025-11-21,Printed Blouse,Apparel,18,34.95,Shopee
2025-11-21,Silk Hijab,Apparel,25,32.36,TikTok Shop
2025-11-21,Baju Melayu Set,Apparel,16,84.13,TikTok Shop
2025-11-21,Silk Hijab,Apparel,12,28.23,Shopee
2025-11-21,Heeled Wedges,Footwear,12,70.05,Shopee
2025-11-21,Silk Hijab,Apparel,29,28.23,Shopee
2025-11-21,Crossbody Bag,Accessories,22,74.35,Instagram
2025-11-21,Printed Blouse,Apparel,40,37.23,TikTok Shop
2025-11-21,Slip-on Sandals,Footwear,10,39.88,Instagram
2025-11-22,Heeled Wedges,Footwear,15,68.57,Shopee
2025-11-22,Slip-on Sandals,Footwear,9,37.0,Instagram
2025-11-22,Heeled Wedges,Footwear,18,71.4,Shopee
2025-11-22,Canvas Sneakers,Footwear,33,47.24,Shopee
2025-11-22,Silk Hijab,Apparel,9,32.99,TikTok Shop
2025-11-22,Tote Bag,Accessories,51,30.05,TikTok Shop
2025-11-22,Crossbody Bag,Accessories,21,76.78,TikTok Shop
2025-11-22,Batik Shirt,Apparel,5,61.96,TikTok Shop
2025-11-22,Slip-on Sandals,Footwear,15,32.36,Shopee
2025-11-22,Batik Shirt,Apparel,9,62.76,Instagram
2025-11-22,Printed Blouse,Apparel,53,30.86,TikTok Shop
2025-11-22,Casual Kurung,Apparel,35,75.77,Shopee
2025-11-23,Casual Kurung,Apparel,29,85.1,Shopee
2025-11-23,Silk Hijab,Apparel,35,29.43,Instagram
2025-11-23,Heeled Wedges,Footwear,26,64.2,Shopee
2025-11-23,Crossbody Bag,Accessories,42,75.61,TikTok Shop
2025-11-23,Casual Kurung,Apparel,19,66.09,TikTok Shop
2025-11-23,Crossbody Bag,Accessories,6,77.78,Shopee
2025-11-23,Silk Hijab,Apparel,17,34.13,Shopee
2025-11-23,Crossbody Bag,Accessories,17,65.02,Instagram
2025-11-23,Batik Shirt,Apparel,10,58.82,Shopee
2025-11-23,Silk Hijab,Apparel,35,30.46,Shopee
2025-11-23,Slip-on Sandals,Footwear,24,32.48,TikTok Shop
2025-11-24,Batik Shirt,Apparel,12,55.16,Shopee
2025-11-24,Heeled Wedges,Footwear,15,65.04,Shopee
2025-11-24,Baju Melayu Set,Apparel,21,102.56,Shopee
2025-11-24,Tote Bag,Accessories,28,34.16,Shopee
2025-11-24,Silk Hijab,Apparel,8,28.77,Shopee
2025-11-24,Heeled Wedges,Footwear,18,57.81,TikTok Shop
2025-11-24,Crossbody Bag,Accessories,14,74.15,TikTok Shop
2025-11-24,Casual Kurung,Apparel,25,73.55,Shopee
2025-11-24,Printed Blouse,Apparel,30,32.61,Instagram
2025-11-24,Heeled Wedges,Footwear,8,66.76,Shopee
2025-11-24,Heeled Wedges,Footwear,4,68.3,TikTok Shop
2025-11-24,Canvas Sneakers,Footwear,19,48.07,Shopee
2025-11-24,Slip-on Sandals,Footwear,21,32.89,Shopee
2025-11-24,Casual Kurung,Apparel,33,74.75,Shopee
2025-11-24,Canvas Sneakers,Footwear,23,52.35,Shopee
2025-11-24,Crossbody Bag,Accessories,11,76.48,TikTok Shop
2025-11-24,Tote Bag,Accessories,7,35.86,Shopee
2025-11-24,Canvas Sneakers,Footwear,26,42.68,TikTok Shop
2025-11-24,Heeled Wedges,Footwear,8,56.17,Shopee
2025-11-25,Casual Kurung,Apparel,38,74.78,Shopee
2025-11-25,Crossbody Bag,Accessories,15,70.79,Shopee
2025-11-25,Canvas Sneakers,Footwear,21,55.49,Shopee
2025-11-25,Printed Blouse,Apparel,4,38.8,Shopee
2025-11-25,Baju Melayu Set,Apparel,38,97.11,Shopee
2025-11-25,Silk Hijab,Apparel,35,31.11,TikTok Shop
2025-11-25,Baju Melayu Set,Apparel,42,80.57,TikTok Shop
2025-11-25,Canvas Sneakers,Footwear,19,45.44,Shopee
2025-11-25,Crossbody Bag,Accessories,28,62.55,Shopee
2025-11-25,Slip-on Sandals,Footwear,31,39.54,Shopee
2025-11-25,Heeled Wedges,Footwear,22,71.92,Shopee
2025-11-25,Canvas Sneakers,Footwear,54,42.95,TikTok Shop
2025-11-25,Batik Shirt,Apparel,46,49.79,Shopee
2025-11-25,Casual Kurung,Apparel,22,83.49,TikTok Shop
2025-11-26,Casual Kurung,Apparel,28,69.34,TikTok Shop
2025-11-26,Baju Melayu Set,Apparel,37,100.46,Shopee
2025-11-26,Silk Hijab,Apparel,33,33.75,Shopee
2025-11-26,Canvas Sneakers,Footwear,19,49.28,Shopee
2025-11-26,Tote Bag,Accessories,39,30.08,Shopee
2025-11-26,Heeled Wedges,Footwear,16,68.34,TikTok Shop
2025-11-26,Canvas Sneakers,Footwear,30,56.33,Shopee
2025-11-26,Casual Kurung,Apparel,37,70.74,Shopee
2025-11-26,Silk Hijab,Apparel,25,28.83,Instagram
2025-11-26,Slip-on Sandals,Footwear,24,34.4,Shopee
2025-11-26,Tote Bag,Accessories,30,33.41,Shopee
2025-11-26,Tote Bag,Accessories,46,34.64,TikTok Shop
2025-11-26,Printed Blouse,Apparel,5,39.68,Instagram
2025-11-26,Tote Bag,Accessories,12,29.25,Shopee
2025-11-26,Slip-on Sandals,Footwear,9,35.66,Shopee
2025-11-26,Slip-on Sandals,Footwear,50,33.76,TikTok Shop
2025-11-27,Crossbody Bag,Accessories,8,69.5,Shopee
2025-11-27,Batik Shirt,Apparel,43,57.32,TikTok Shop
2025-11-27,Silk Hijab,Apparel,16,29.01,Shopee
2025-11-27,Tote Bag,Accessories,38,34.26,TikTok Shop
2025-11-27,Heeled Wedges,Footwear,23,74.17,Instagram
2025-11-27,Casual Kurung,Apparel,18,64.69,Shopee
2025-11-27,Batik Shirt,Apparel,7,53.58,TikTok Shop
2025-11-27,Printed Blouse,Apparel,36,37.44,Instagram
2025-11-27,Batik Shirt,Apparel,8,58.57,Shopee
2025-11-27,Crossbody Bag,Accessories,33,73.41,Shopee
2025-11-28,Canvas Sneakers,Footwear,28,49.66,TikTok Shop
2025-11-28,Casual Kurung,Apparel,13,71.71,Shopee
2025-11-28,Slip-on Sandals,Footwear,13,39.88,Shopee
2025-11-28,Crossbody Bag,Accessories,11,77.71,TikTok Shop
2025-11-28,Crossbody Bag,Accessories,36,69.3,Shopee
2025-11-28,Baju Melayu Set,Apparel,52,82.49,TikTok Shop
2025-11-28,Casual Kurung,Apparel,60,71.42,TikTok Shop
2025-11-28,Canvas Sneakers,Footwear,36,51.97,TikTok Shop
2025-11-28,Canvas Sneakers,Footwear,36,44.58,Shopee
2025-11-28,Crossbody Bag,Accessories,17,77.88,Shopee
2025-11-28,Crossbody Bag,Accessories,4,78.23,TikTok Shop
2025-11-28,Baju Melayu Set,Apparel,10,93.92,Shopee
2025-11-28,Baju Melayu Set,Apparel,64,76.9,TikTok Shop
2025-11-28,Slip-on Sandals,Footwear,24,31.71,Instagram
2025-11-28,Batik Shirt,Apparel,29,47.3,Shopee
2025-11-28,Casual Kurung,Apparel,47,67.53,Shopee
2025-11-29,Tote Bag,Accessories,57,27.7,TikTok Shop
2025-11-29,Batik Shirt,Apparel,32,57.2,TikTok Shop
2025-11-29,Silk Hijab,Apparel,35,33.83,TikTok Shop
2025-11-29,Crossbody Bag,Accessories,30,76.19,Instagram
2025-11-29,Tote Bag,Accessories,24,28.25,Shopee
2025-11-29,Baju Melayu Set,Apparel,32,87.79,Shopee
2025-11-29,Batik Shirt,Apparel,21,62.84,Shopee
2025-11-29,Printed Blouse,Apparel,24,31.99,Shopee
2025-11-29,Crossbody Bag,Accessories,33,74.82,Shopee
2025-11-29,Printed Blouse,Apparel,41,36.5,Shopee
2025-11-29,Canvas Sneakers,Footwear,12,53.0,TikTok Shop
2025-11-30,Canvas Sneakers,Footwear,37,53.08,Shopee
2025-11-30,Tote Bag,Accessories,59,27.91,TikTok Shop
2025-11-30,Printed Blouse,Apparel,14,38.85,Instagram
2025-11-30,Tote Bag,Accessories,23,35.08,TikTok Shop
2025-11-30,Crossbody Bag,Accessories,40,62.05,Instagram
2025-11-30,Canvas Sneakers,Footwear,6,54.22,TikTok Shop
2025-11-30,Canvas Sneakers,Footwear,24,54.84,Shopee
2025-11-30,Crossbody Bag,Accessories,50,67.14,Instagram
2025-11-30,Baju Melayu Set,Apparel,54,89.11,Instagram
2025-11-30,Casual Kurung,Apparel,32,80.24,Instagram
2025-11-30,Casual Kurung,Apparel,54,67.09,Instagram
2025-11-30,Batik Shirt,Apparel,9,57.65,Shopee
2025-12-01,Crossbody Bag,Accessories,23,70.63,Instagram
2025-12-01,Heeled Wedges,Footwear,28,62.1,Shopee
2025-12-01,Crossbody Bag,Accessories,14,62.49,Instagram
2025-12-01,Baju Melayu Set,Apparel,34,91.29,Shopee
2025-12-01,Silk Hijab,Apparel,16,34.38,TikTok Shop
2025-12-01,Batik Shirt,Apparel,20,56.48,TikTok Shop
2025-12-01,Slip-on Sandals,Footwear,16,39.59,TikTok Shop
2025-12-01,Printed Blouse,Apparel,27,33.67,Shopee
2025-12-01,Silk Hijab,Apparel,49,26.67,Shopee
2025-12-01,Baju Melayu Set,Apparel,36,84.56,TikTok Shop
2025-12-01,Tote Bag,Accessories,37,31.22,TikTok Shop
2025-12-02,Crossbody Bag,Accessories,6,69.28,Shopee
2025-12-02,Batik Shirt,Apparel,24,59.73,Shopee
2025-12-02,Slip-on Sandals,Footwear,25,34.23,TikTok Shop
2025-12-02,Crossbody Bag,Accessories,27,67.35,Shopee
2025-12-02,Tote Bag,Accessories,41,28.38,Shopee
2025-12-02,Heeled Wedges,Footwear,25,57.04,TikTok Shop
2025-12-02,Printed Blouse,Apparel,22,37.63,TikTok Shop
2025-12-02,Silk Hijab,Apparel,23,33.6,TikTok Shop
2025-12-02,Printed Blouse,Apparel,36,33.08,TikTok Shop
2025-12-02,Batik Shirt,Apparel,28,60.57,Shopee
2025-12-02,Heeled Wedges,Footwear,36,59.94,TikTok Shop
2025-12-03,Casual Kurung,Apparel,24,75.53,Shopee
2025-12-03,Casual Kurung,Apparel,27,67.98,TikTok Shop
2025-12-03,Batik Shirt,Apparel,12,48.97,Shopee
2025-12-03,Printed Blouse,Apparel,8,33.0,Instagram
2025-12-03,Batik Shirt,Apparel,48,47.21,TikTok Shop
2025-12-03,Crossbody Bag,Accessories,42,62.04,Instagram
2025-12-03,Tote Bag,Accessories,24,32.69,Instagram
2025-12-03,Heeled Wedges,Footwear,8,64.23,TikTok Shop
2025-12-03,Printed Blouse,Apparel,24,36.55,Shopee
2025-12-03,Heeled Wedges,Footwear,3,61.06,TikTok Shop
2025-12-03,Batik Shirt,Apparel,38,46.92,Shopee
2025-12-03,Heeled Wedges,Footwear,15,61.03,TikTok Shop
2025-12-03,Crossbody Bag,Accessories,5,78.74,Shopee
2025-12-03,Batik Shirt,Apparel,10,55.72,Shopee
2025-12-04,Tote Bag,Accessories,17,31.59,TikTok Shop
2025-12-04,Silk Hijab,Apparel,14,30.75,Shopee
2025-12-04,Baju Melayu Set,Apparel,24,83.89,Instagram
2025-12-04,Printed Blouse,Apparel,8,31.68,TikTok Shop
2025-12-04,Printed Blouse,Apparel,5,40.07,TikTok Shop
2025-12-04,Heeled Wedges,Footwear,14,70.84,TikTok Shop
2025-12-04,Crossbody Bag,Accessories,37,61.54,Shopee
2025-12-04,Crossbody Bag,Accessories,3,76.9,Shopee
2025-12-04,Heeled Wedges,Footwear,8,65.93,Instagram
2025-12-04,Heeled Wedges,Footwear,6,63.15,TikTok Shop
2025-12-04,Heeled Wedges,Footwear,13,73.52,TikTok Shop
2025-12-04,Silk Hijab,Apparel,12,32.55,Shopee
2025-12-04,Silk Hijab,Apparel,19,26.52,Shopee
2025-12-04,Tote Bag,Accessories,46,31.14,TikTok Shop
2025-12-05,Tote Bag,Accessories,7,36.28,Shopee
2025-12-05,Casual Kurung,Apparel,36,74.33,Shopee
2025-12-05,Casual Kurung,Apparel,36,73.5,TikTok Shop
2025-12-05,Crossbody Bag,Accessories,17,65.17,TikTok Shop
2025-12-05,Batik Shirt,Apparel,14,48.62,TikTok Shop
2025-12-05,Tote Bag,Accessories,18,31.47,Shopee
2025-12-05,Canvas Sneakers,Footwear,9,54.5,Shopee
2025-12-05,Canvas Sneakers,Footwear,42,42.92,Instagram
2025-12-05,Batik Shirt,Apparel,25,56.9,Shopee
2025-12-05,Slip-on Sandals,Footwear,3,39.07,Shopee
2025-12-05,Printed Blouse,Apparel,22,39.77,Shopee
2025-12-05,Slip-on Sandals,Footwear,7,32.58,Shopee
2025-12-05,Tote Bag,Accessories,12,31.98,Shopee
2025-12-05,Canvas Sneakers,Footwear,5,48.19,Shopee
2025-12-05,Heeled Wedges,Footwear,13,65.68,Shopee
2025-12-05,Printed Blouse,Apparel,7,35.44,TikTok Shop
2025-12-05,Canvas Sneakers,Footwear,31,55.64,TikTok Shop
2025-12-05,Heeled Wedges,Footwear,9,60.36,Shopee
2025-12-06,Batik Shirt,Apparel,31,50.3,Shopee
2025-12-06,Silk Hijab,Apparel,7,31.56,Shopee
2025-12-06,Printed Blouse,Apparel,70,30.52,TikTok Shop
2025-12-06,Tote Bag,Accessories,52,28.99,TikTok Shop
2025-12-06,Canvas Sneakers,Footwear,31,53.48,Instagram
2025-12-06,Heeled Wedges,Footwear,23,68.84,Shopee
2025-12-06,Heeled Wedges,Footwear,22,68.1,Shopee
2025-12-06,Crossbody Bag,Accessories,8,68.74,Shopee
2025-12-06,Baju Melayu Set,Apparel,21,97.05,TikTok Shop
2025-12-07,Canvas Sneakers,Footwear,19,55.18,TikTok Shop
2025-12-07,Tote Bag,Accessories,13,36.75,Shopee
2025-12-07,Casual Kurung,Apparel,52,65.83,TikTok Shop
2025-12-07,Printed Blouse,Apparel,24,36.31,Shopee
2025-12-07,Casual Kurung,Apparel,9,78.66,Shopee
2025-12-07,Crossbody Bag,Accessories,16,77.9,Shopee
2025-12-07,Casual Kurung,Apparel,38,77.33,Shopee
2025-12-07,Casual Kurung,Apparel,35,64.99,Shopee
2025-12-07,Canvas Sneakers,Footwear,28,46.69,Shopee
2025-12-07,Casual Kurung,Apparel,5,84.44,Shopee
2025-12-07,Printed Blouse,Apparel,19,32.13,Shopee
2025-12-07,Crossbody Bag,Accessories,15,80.19,TikTok Shop
2025-12-07,Silk Hijab,Apparel,18,27.37,Instagram
2025-12-07,Baju Melayu Set,Apparel,48,82.2,TikTok Shop
2025-12-07,Crossbody Bag,Accessories,6,80.03,Instagram
2025-12-07,Printed Blouse,Apparel,46,35.27,Shopee
2025-12-07,Casual Kurung,Apparel,36,64.75,TikTok Shop
2025-12-08,Casual Kurung,Apparel,11,72.77,TikTok Shop
2025-12-08,Baju Melayu Set,Apparel,9,78.96,Shopee
2025-12-08,Casual Kurung,Apparel,18,76.56,TikTok Shop
2025-12-08,Silk Hijab,Apparel,36,32.77,TikTok Shop
2025-12-08,Crossbody Bag,Accessories,46,62.15,TikTok Shop
2025-12-08,Batik Shirt,Apparel,23,52.71,Shopee
2025-12-08,Canvas Sneakers,Footwear,35,54.29,TikTok Shop
2025-12-08,Slip-on Sandals,Footwear,40,37.66,TikTok Shop
2025-12-08,Batik Shirt,Apparel,31,59.4,Shopee
2025-12-08,Silk Hijab,Apparel,10,29.21,Instagram
2025-12-08,Baju Melayu Set,Apparel,33,80.82,TikTok Shop
2025-12-08,Silk Hijab,Apparel,24,31.71,Shopee
2025-12-08,Baju Melayu Set,Apparel,33,99.09,Shopee
2025-12-08,Printed Blouse,Apparel,15,35.07,Shopee
2025-12-09,Casual Kurung,Apparel,9,69.67,Shopee
2025-12-09,Baju Melayu Set,Apparel,26,79.36,Shopee
2025-12-09,Canvas Sneakers,Footwear,9,57.3,Instagram
2025-12-09,Printed Blouse,Apparel,32,31.48,Shopee
2025-12-09,Crossbody Bag,Accessories,37,71.99,Shopee
2025-12-09,Canvas Sneakers,Footwear,10,50.18,Shopee
2025-12-09,Tote Bag,Accessories,8,36.16,Shopee
2025-12-09,Casual Kurung,Apparel,24,77.75,TikTok Shop
2025-12-09,Baju Melayu Set,Apparel,10,83.1,TikTok Shop
2025-12-09,Tote Bag,Accessories,14,27.45,Shopee
2025-12-09,Slip-on Sandals,Footwear,45,31.61,Shopee
2025-12-10,Tote Bag,Accessories,55,28.06,Shopee
2025-12-10,Heeled Wedges,Footwear,18,64.76,Shopee
2025-12-10,Slip-on Sandals,Footwear,20,31.71,Shopee
2025-12-10,Casual Kurung,Apparel,18,75.65,Shopee
2025-12-10,Baju Melayu Set,Apparel,11,77.96,Instagram
2025-12-10,Silk Hijab,Apparel,47,29.47,TikTok Shop
2025-12-10,Silk Hijab,Apparel,23,25.95,Shopee
2025-12-10,Casual Kurung,Apparel,40,79.95,Instagram
2025-12-10,Canvas Sneakers,Footwear,16,42.68,Shopee
2025-12-10,Crossbody Bag,Accessories,8,79.67,Shopee
2025-12-10,Crossbody Bag,Accessories,74,65.56,TikTok Shop
2025-12-10,Batik Shirt,Apparel,69,47.18,TikTok Shop
2025-12-10,Crossbody Bag,Accessories,21,68.24,Shopee
2025-12-10,Silk Hijab,Apparel,26,33.08,TikTok Shop
2025-12-11,Slip-on Sandals,Footwear,39,38.27,Shopee
2025-12-11,Printed Blouse,Apparel,14,39.24,TikTok Shop
2025-12-11,Crossbody Bag,Accessories,30,79.61,Shopee
2025-12-11,Batik Shirt,Apparel,12,58.28,Shopee
2025-12-11,Canvas Sneakers,Footwear,31,42.86,Shopee
2025-12-11,Printed Blouse,Apparel,26,39.04,Shopee
2025-12-11,Printed Blouse,Apparel,58,33.48,Shopee
2025-12-11,Crossbody Bag,Accessories,35,75.79,Shopee
2025-12-11,Heeled Wedges,Footwear,9,63.48,Instagram
2025-12-11,Batik Shirt,Apparel,35,61.82,Instagram
2025-12-11,Casual Kurung,Apparel,44,82.79,TikTok Shop
2025-12-11,Silk Hijab,Apparel,13,31.37,TikTok Shop
2025-12-12,Casual Kurung,Apparel,23,83.32,Shopee
2025-12-12,Casual Kurung,Apparel,40,78.01,Shopee
2025-12-12,Slip-on Sandals,Footwear,15,31.83,Shopee
2025-12-12,Batik Shirt,Apparel,62,51.14,Shopee
2025-12-12,Silk Hijab,Apparel,7,30.89,Shopee
2025-12-12,Silk Hijab,Apparel,9,30.17,Instagram
2025-12-12,Heeled Wedges,Footwear,53,56.23,Shopee
2025-12-12,Batik Shirt,Apparel,28,46.8,TikTok Shop
2025-12-12,Heeled Wedges,Footwear,56,63.98,Shopee
2025-12-12,Casual Kurung,Apparel,24,80.02,Shopee
2025-12-12,Crossbody Bag,Accessories,63,63.58,Shopee
2025-12-12,Heeled Wedges,Footwear,34,72.92,TikTok Shop
2025-12-13,Crossbody Bag,Accessories,58,61.15,TikTok Shop
2025-12-13,Baju Melayu Set,Apparel,36,98.55,Shopee
2025-12-13,Silk Hijab,Apparel,30,33.24,Shopee
2025-12-13,Baju Melayu Set,Apparel,48,83.5,TikTok Shop
2025-12-13,Batik Shirt,Apparel,13,51.32,Shopee
2025-12-13,Baju Melayu Set,Apparel,37,83.77,Shopee
2025-12-13,Batik Shirt,Apparel,44,50.53,Shopee
2025-12-13,Casual Kurung,Apparel,19,71.7,TikTok Shop
2025-12-13,Batik Shirt,Apparel,27,57.4,Shopee
2025-12-13,Casual Kurung,Apparel,28,82.83,Shopee
2025-12-13,Silk Hijab,Apparel,71,29.13,Shopee
2025-12-13,Canvas Sneakers,Footwear,36,44.52,TikTok Shop
2025-12-13,Tote Bag,Accessories,8,35.86,TikTok Shop
2025-12-13,Canvas Sneakers,Footwear,36,51.88,TikTok Shop
2025-12-13,Slip-on Sandals,Footwear,41,39.79,Shopee
2025-12-13,Printed Blouse,Apparel,48,37.43,Instagram
2025-12-14,Baju Melayu Set,Apparel,10,78.94,TikTok Shop
2025-12-14,Heeled Wedges,Footwear,56,66.22,TikTok Shop
2025-12-14,Canvas Sneakers,Footwear,42,43.54,Shopee
2025-12-14,Heeled Wedges,Footwear,27,70.15,Instagram
2025-12-14,Canvas Sneakers,Footwear,70,44.0,Shopee
2025-12-14,Batik Shirt,Apparel,13,58.22,Shopee
2025-12-14,Silk Hijab,Apparel,56,29.64,TikTok Shop
2025-12-14,Printed Blouse,Apparel,13,34.29,Instagram
2025-12-14,Crossbody Bag,Accessories,53,64.13,Instagram
2025-12-14,Casual Kurung,Apparel,57,79.23,Shopee
2025-12-15,Canvas Sneakers,Footwear,21,51.97,Shopee
2025-12-15,Heeled Wedges,Footwear,15,61.86,Instagram
2025-12-15,Printed Blouse,Apparel,29,31.32,TikTok Shop
2025-12-15,Batik Shirt,Apparel,34,50.23,TikTok Shop
2025-12-15,Baju Melayu Set,Apparel,17,92.98,Shopee
2025-12-15,Tote Bag,Accessories,14,34.26,Shopee
2025-12-15,Slip-on Sandals,Footwear,12,33.93,Shopee
2025-12-15,Printed Blouse,Apparel,24,37.97,Shopee
2025-12-15,Heeled Wedges,Footwear,44,61.68,Shopee
2025-12-15,Silk Hijab,Apparel,45,28.85,TikTok Shop
2025-12-16,Heeled Wedges,Footwear,10,66.19,TikTok Shop
2025-12-16,Baju Melayu Set,Apparel,16,90.3,Shopee
2025-12-16,Silk Hijab,Apparel,14,27.29,Shopee
2025-12-16,Heeled Wedges,Footwear,25,69.46,Shopee
2025-12-16,Crossbody Bag,Accessories,33,69.69,Shopee
2025-12-16,Silk Hijab,Apparel,28,31.96,Shopee
2025-12-16,Crossbody Bag,Accessories,12,72.96,TikTok Shop
2025-12-16,Batik Shirt,Apparel,29,62.26,TikTok Shop
2025-12-16,Crossbody Bag,Accessories,17,76.77,Shopee
2025-12-16,Baju Melayu Set,Apparel,21,84.86,Shopee
2025-12-16,Heeled Wedges,Footwear,44,58.42,TikTok Shop
2025-12-16,Baju Melayu Set,Apparel,19,101.5,TikTok Shop
2025-12-16,Crossbody Bag,Accessories,12,77.3,Shopee
2025-12-16,Silk Hijab,Apparel,25,30.64,Shopee
2025-12-16,Tote Bag,Accessories,12,31.63,Shopee
2025-12-16,Printed Blouse,Apparel,25,39.45,TikTok Shop
2025-12-16,Canvas Sneakers,Footwear,15,51.99,Shopee
2025-12-17,Slip-on Sandals,Footwear,26,38.33,Shopee
2025-12-17,Silk Hijab,Apparel,5,29.74,Shopee
2025-12-17,Batik Shirt,Apparel,27,46.8,TikTok Shop
2025-12-17,Silk Hijab,Apparel,19,32.33,Shopee
2025-12-17,Canvas Sneakers,Footwear,9,48.5,Shopee
2025-12-17,Silk Hijab,Apparel,30,31.51,TikTok Shop
2025-12-17,Baju Melayu Set,Apparel,34,86.74,Shopee
2025-12-17,Tote Bag,Accessories,4,36.43,Shopee
2025-12-17,Casual Kurung,Apparel,16,66.03,TikTok Shop
2025-12-17,Crossbody Bag,Accessories,28,66.6,Shopee
2025-12-17,Silk Hijab,Apparel,33,29.04,Instagram
2025-12-17,Silk Hijab,Apparel,14,31.68,TikTok Shop
2025-12-17,Batik Shirt,Apparel,6,56.31,TikTok Shop
2025-12-17,Printed Blouse,Apparel,14,33.85,TikTok Shop
2025-12-17,Baju Melayu Set,Apparel,38,87.79,Shopee
2025-12-17,Silk Hijab,Apparel,25,32.79,TikTok Shop
2025-12-17,Crossbody Bag,Accessories,24,59.74,TikTok Shop
2025-12-18,Heeled Wedges,Footwear,44,58.5,TikTok Shop
2025-12-18,Slip-on Sandals,Footwear,28,36.21,Shopee
2025-12-18,Slip-on Sandals,Footwear,5,32.92,TikTok Shop
2025-12-18,Slip-on Sandals,Footwear,15,30.57,TikTok Shop
2025-12-18,Tote Bag,Accessories,11,36.31,Shopee
2025-12-18,Batik Shirt,Apparel,13,48.69,Shopee
2025-12-18,Heeled Wedges,Footwear,19,67.04,Shopee
2025-12-18,Casual Kurung,Apparel,28,64.63,TikTok Shop
2025-12-18,Heeled Wedges,Footwear,34,62.44,Shopee
2025-12-18,Printed Blouse,Apparel,9,38.32,Shopee
2025-12-18,Crossbody Bag,Accessories,43,70.58,TikTok Shop
2025-12-18,Heeled Wedges,Footwear,39,57.51,Shopee
2025-12-18,Silk Hijab,Apparel,27,30.86,Shopee
2025-12-18,Baju Melayu Set,Apparel,43,81.47,TikTok Shop
2025-12-18,Batik Shirt,Apparel,15,51.53,Shopee
2025-12-18,Casual Kurung,Apparel,20,83.3,Shopee
2025-12-18,Casual Kurung,Apparel,20,79.76,TikTok Shop
2025-12-18,Casual Kurung,Apparel,30,72.72,TikTok Shop
2025-12-18,Baju Melayu Set,Apparel,30,79.2,Shopee
2025-12-18,Baju Melayu Set,Apparel,38,77.34,Instagram
2025-12-18,Heeled Wedges,Footwear,10,71.01,Shopee
2025-12-19,Batik Shirt,Apparel,25,51.35,Shopee
2025-12-19,Crossbody Bag,Accessories,39,71.97,TikTok Shop
2025-12-19,Baju Melayu Set,Apparel,40,84.86,Shopee
2025-12-19,Batik Shirt,Apparel,10,62.79,Shopee
2025-12-19,Casual Kurung,Apparel,20,67.96,Shopee
2025-12-19,Heeled Wedges,Footwear,12,59.04,Shopee
2025-12-19,Crossbody Bag,Accessories,8,78.48,Instagram
2025-12-19,Canvas Sneakers,Footwear,20,53.29,Instagram
2025-12-19,Printed Blouse,Apparel,8,39.04,TikTok Shop
2025-12-19,Batik Shirt,Apparel,19,50.03,TikTok Shop
2025-12-19,Baju Melayu Set,Apparel,23,77.21,TikTok Shop
2025-12-19,Tote Bag,Accessories,29,27.2,Shopee
2025-12-19,Printed Blouse,Apparel,10,40.03,TikTok Shop
2025-12-19,Heeled Wedges,Footwear,27,64.62,Shopee
2025-12-20,Canvas Sneakers,Footwear,30,51.05,Shopee
2025-12-20,Printed Blouse,Apparel,10,38.42,TikTok Shop
2025-12-20,Printed Blouse,Apparel,35,35.44,Shopee
2025-12-20,Canvas Sneakers,Footwear,18,51.35,Shopee
2025-12-20,Heeled Wedges,Footwear,5,63.88,Shopee
2025-12-20,Batik Shirt,Apparel,25,61.04,TikTok Shop
2025-12-20,Heeled Wedges,Footwear,43,62.42,Shopee
2025-12-20,Batik Shirt,Apparel,26,51.68,TikTok Shop
2025-12-20,Heeled Wedges,Footwear,55,60.89,TikTok Shop
2025-12-20,Batik Shirt,Apparel,6,53.35,Shopee
2025-12-20,Baju Melayu Set,Apparel,24,97.86,Shopee
2025-12-20,Printed Blouse,Apparel,13,33.71,TikTok Shop
2025-12-20,Crossbody Bag,Accessories,7,77.01,Shopee
2025-12-20,Printed Blouse,Apparel,21,37.9,Shopee
2025-12-20,Crossbody Bag,Accessories,20,60.62,TikTok Shop
2025-12-20,Slip-on Sandals,Footwear,5,38.37,Shopee
2025-12-20,Tote Bag,Accessories,41,32.76,TikTok Shop
2025-12-21,Heeled Wedges,Footwear,37,61.86,Instagram
2025-12-21,Crossbody Bag,Accessories,49,64.75,TikTok Shop
2025-12-21,Silk Hijab,Apparel,31,28.15,Shopee
2025-12-21,Batik Shirt,Apparel,52,53.56,TikTok Shop
2025-12-21,Printed Blouse,Apparel,37,32.02,TikTok Shop
2025-12-21,Casual Kurung,Apparel,50,67.99,TikTok Shop
2025-12-21,Crossbody Bag,Accessories,33,63.76,Instagram
2025-12-21,Printed Blouse,Apparel,47,33.22,Shopee
2025-12-21,Heeled Wedges,Footwear,29,64.29,Shopee
2025-12-21,Crossbody Bag,Accessories,37,65.93,Shopee
2025-12-21,Crossbody Bag,Accessories,11,69.12,TikTok Shop
2025-12-21,Silk Hijab,Apparel,21,29.66,Shopee
2025-12-21,Batik Shirt,Apparel,7,63.15,Shopee
2025-12-21,Heeled Wedges,Footwear,30,63.06,Shopee
2025-12-21,Casual Kurung,Apparel,55,66.21,Shopee
2025-12-21,Crossbody Bag,Accessories,35,67.73,Instagram
2025-12-21,Crossbody Bag,Accessories,36,77.54,TikTok Shop
2025-12-21,Batik Shirt,Apparel,9,56.27,Shopee
2025-12-21,Canvas Sneakers,Footwear,38,50.21,TikTok Shop
2025-12-21,Heeled Wedges,Footwear,39,59.31,Shopee
2025-12-21,Heeled Wedges,Footwear,61,55.7,TikTok Shop
2025-12-21,Crossbody Bag,Accessories,43,62.79,Shopee
2025-12-22,Printed Blouse,Apparel,11,39.95,Shopee
2025-12-22,Baju Melayu Set,Apparel,13,101.45,Shopee
2025-12-22,Printed Blouse,Apparel,22,35.89,Shopee
2025-12-22,Crossbody Bag,Accessories,13,68.3,Shopee
2025-12-22,Heeled Wedges,Footwear,19,57.18,TikTok Shop
2025-12-22,Silk Hijab,Apparel,37,26.92,Shopee
2025-12-22,Printed Blouse,Apparel,16,37.83,Instagram
2025-12-22,Silk Hijab,Apparel,12,31.74,Instagram
2025-12-22,Batik Shirt,Apparel,35,53.11,Shopee
2025-12-22,Batik Shirt,Apparel,12,57.67,TikTok Shop
2025-12-22,Printed Blouse,Apparel,15,30.67,Shopee
2025-12-22,Batik Shirt,Apparel,11,55.83,Shopee
2025-12-23,Heeled Wedges,Footwear,15,59.2,Shopee
2025-12-23,Silk Hijab,Apparel,16,30.0,TikTok Shop
2025-12-23,Slip-on Sandals,Footwear,16,37.15,Shopee
2025-12-23,Heeled Wedges,Footwear,33,68.7,Shopee
2025-12-23,Slip-on Sandals,Footwear,10,39.53,TikTok Shop
2025-12-23,Canvas Sneakers,Footwear,16,49.56,Shopee
2025-12-23,Printed Blouse,Apparel,12,36.85,Shopee
2025-12-23,Batik Shirt,Apparel,26,61.6,Shopee
2025-12-23,Silk Hijab,Apparel,26,30.97,Shopee
2025-12-23,Canvas Sneakers,Footwear,14,46.25,Shopee
2025-12-23,Baju Melayu Set,Apparel,32,83.76,Shopee
2025-12-24,Tote Bag,Accessories,7,36.76,TikTok Shop
2025-12-24,Silk Hijab,Apparel,56,26.05,TikTok Shop
2025-12-24,Canvas Sneakers,Footwear,24,50.42,Shopee
2025-12-24,Printed Blouse,Apparel,9,39.4,TikTok Shop
2025-12-24,Baju Melayu Set,Apparel,14,95.85,TikTok Shop
2025-12-24,Heeled Wedges,Footwear,16,72.47,TikTok Shop
2025-12-24,Slip-on Sandals,Footwear,11,39.99,TikTok Shop
2025-12-24,Casual Kurung,Apparel,9,85.68,Instagram
2025-12-24,Slip-on Sandals,Footwear,26,38.13,Shopee
2025-12-24,Slip-on Sandals,Footwear,15,33.66,Shopee
2025-12-24,Tote Bag,Accessories,1,34.97,Shopee
2025-12-24,Casual Kurung,Apparel,11,80.03,Shopee
2025-12-24,Batik Shirt,Apparel,13,61.89,Shopee
2025-12-24,Crossbody Bag,Accessories,31,77.27,Shopee
2025-12-25,Heeled Wedges,Footwear,65,58.68,TikTok Shop
2025-12-25,Heeled Wedges,Footwear,41,66.33,TikTok Shop
2025-12-25,Silk Hijab,Apparel,38,33.06,TikTok Shop
2025-12-25,Baju Melayu Set,Apparel,22,94.8,Shopee
2025-12-25,Casual Kurung,Apparel,36,71.68,Instagram
2025-12-25,Canvas Sneakers,Footwear,49,46.89,Shopee
2025-12-26,Batik Shirt,Apparel,48,47.57,Shopee
2025-12-26,Crossbody Bag,Accessories,34,73.3,Shopee
2025-12-26,Casual Kurung,Apparel,39,69.16,Instagram
2025-12-26,Slip-on Sandals,Footwear,7,39.48,Shopee
2025-12-26,Casual Kurung,Apparel,14,63.9,TikTok Shop
2025-12-26,Batik Shirt,Apparel,13,47.36,Shopee
2025-12-26,Batik Shirt,Apparel,32,52.83,TikTok Shop
2025-12-26,Casual Kurung,Apparel,9,64.77,Shopee
2025-12-26,Canvas Sneakers,Footwear,28,50.28,Shopee
2025-12-26,Tote Bag,Accessories,44,30.08,Shopee
2025-12-26,Slip-on Sandals,Footwear,35,37.63,Shopee
2025-12-26,Canvas Sneakers,Footwear,11,43.84,Shopee
2025-12-26,Heeled Wedges,Footwear,52,63.63,Shopee
2025-12-27,Tote Bag,Accessories,45,28.58,Shopee
2025-12-27,Crossbody Bag,Accessories,54,68.41,TikTok Shop
2025-12-27,Casual Kurung,Apparel,31,79.08,TikTok Shop
2025-12-27,Casual Kurung,Apparel,64,72.68,TikTok Shop
2025-12-27,Silk Hijab,Apparel,23,28.47,TikTok Shop
2025-12-27,Canvas Sneakers,Footwear,75,43.86,TikTok Shop
2025-12-27,Heeled Wedges,Footwear,57,58.86,TikTok Shop
2025-12-27,Silk Hijab,Apparel,10,33.24,TikTok Shop
2025-12-27,Heeled Wedges,Footwear,24,55.68,Shopee
2025-12-27,Casual Kurung,Apparel,19,85.19,Shopee
2025-12-27,Casual Kurung,Apparel,14,67.86,Shopee
2025-12-27,Silk Hijab,Apparel,42,32.23,Shopee
2025-12-27,Batik Shirt,Apparel,14,57.94,Shopee
2025-12-27,Canvas Sneakers,Footwear,21,52.51,TikTok Shop
2025-12-27,Baju Melayu Set,Apparel,65,78.0,TikTok Shop
2025-12-27,Canvas Sneakers,Footwear,21,48.89,TikTok Shop
2025-12-27,Tote Bag,Accessories,9,29.33,Shopee
2025-12-28,Silk Hijab,Apparel,51,26.1,TikTok Shop
2025-12-28,Casual Kurung,Apparel,48,82.04,TikTok Shop
2025-12-28,Batik Shirt,Apparel,22,59.3,Shopee
2025-12-28,Batik Shirt,Apparel,42,54.93,Shopee
2025-12-28,Silk Hijab,Apparel,10,30.69,Shopee
2025-12-28,Casual Kurung,Apparel,25,76.0,TikTok Shop
2025-12-28,Batik Shirt,Apparel,19,52.82,TikTok Shop
2025-12-28,Silk Hijab,Apparel,37,28.22,Shopee
2025-12-28,Batik Shirt,Apparel,41,52.93,TikTok Shop
2025-12-28,Tote Bag,Accessories,27,30.3,Instagram
2025-12-28,Printed Blouse,Apparel,45,32.81,Instagram
2025-12-28,Slip-on Sandals,Footwear,33,39.98,Shopee
2025-12-29,Canvas Sneakers,Footwear,14,47.61,TikTok Shop
2025-12-29,Baju Melayu Set,Apparel,21,83.11,Shopee
2025-12-29,Canvas Sneakers,Footwear,30,44.14,TikTok Shop
2025-12-29,Casual Kurung,Apparel,60,71.64,TikTok Shop
2025-12-29,Baju Melayu Set,Apparel,44,96.8,TikTok Shop
2025-12-29,Heeled Wedges,Footwear,25,73.11,TikTok Shop
2025-12-29,Batik Shirt,Apparel,23,56.29,TikTok Shop
2025-12-29,Printed Blouse,Apparel,18,39.83,TikTok Shop
2025-12-29,Heeled Wedges,Footwear,32,69.97,Shopee
2025-12-29,Baju Melayu Set,Apparel,32,101.86,Shopee
2025-12-30,Canvas Sneakers,Footwear,22,47.74,Shopee
2025-12-30,Heeled Wedges,Footwear,21,74.38,Shopee
2025-12-30,Printed Blouse,Apparel,21,33.58,Shopee
2025-12-30,Slip-on Sandals,Footwear,23,39.91,Instagram
2025-12-30,Batik Shirt,Apparel,7,61.82,Shopee
2025-12-30,Silk Hijab,Apparel,23,31.76,Shopee
2025-12-30,Heeled Wedges,Footwear,53,70.02,TikTok Shop
2025-12-30,Heeled Wedges,Footwear,27,65.82,TikTok Shop
2025-12-30,Crossbody Bag,Accessories,50,62.92,Instagram
2025-12-30,Casual Kurung,Apparel,45,72.34,Shopee
2025-12-30,Canvas Sneakers,Footwear,28,51.54,Shopee
2025-12-30,Casual Kurung,Apparel,11,81.24,Shopee
2025-12-30,Silk Hijab,Apparel,48,25.56,Shopee
2025-12-30,Baju Melayu Set,Apparel,46,78.28,TikTok Shop
2025-12-30,Crossbody Bag,Accessories,13,66.42,TikTok Shop
2025-12-30,Heeled Wedges,Footwear,44,64.08,Shopee
2025-12-31,Batik Shirt,Apparel,58,46.84,Shopee
2025-12-31,Casual Kurung,Apparel,54,79.14,TikTok Shop
2025-12-31,Batik Shirt,Apparel,32,57.01,TikTok Shop
2025-12-31,Batik Shirt,Apparel,10,49.56,TikTok Shop
2025-12-31,Batik Shirt,Apparel,54,56.25,TikTok Shop
2025-12-31,Printed Blouse,Apparel,5,36.61,Instagram
2025-12-31,Crossbody Bag,Accessories,29,66.5,TikTok Shop
2025-12-31,Heeled Wedges,Footwear,13,71.56,TikTok Shop
2025-12-31,Canvas Sneakers,Footwear,41,44.8,Instagram
2025-12-31,Batik Shirt,Apparel,37,57.2,Shopee
2025-12-31,Slip-on Sandals,Footwear,32,36.46,Shopee
2025-12-31,Slip-on Sandals,Footwear,13,33.12,Shopee
2025-12-31,Tote Bag,Accessories,38,31.18,TikTok Shop
2025-12-31,Batik Shirt,Apparel,10,47.01,Shopee
2025-12-31,Crossbody Bag,Accessories,29,77.42,TikTok Shop
2025-12-31,Heeled Wedges,Footwear,18,58.7,TikTok Shop
2025-12-31,Heeled Wedges,Footwear,40,61.96,Shopee
2026-01-01,Baju Melayu Set,Apparel,43,79.05,TikTok Shop
2026-01-01,Tote Bag,Accessories,8,32.75,Shopee
2026-01-01,Printed Blouse,Apparel,52,29.9,TikTok Shop
2026-01-01,Canvas Sneakers,Footwear,4,53.57,Shopee
2026-01-01,Batik Shirt,Apparel,18,62.33,Shopee
2026-01-01,Casual Kurung,Apparel,41,79.53,TikTok Shop
2026-01-01,Silk Hijab,Apparel,23,27.1,Shopee
2026-01-01,Heeled Wedges,Footwear,20,70.46,TikTok Shop
2026-01-01,Heeled Wedges,Footwear,28,66.12,Shopee
2026-01-01,Crossbody Bag,Accessories,30,78.51,TikTok Shop
2026-01-01,Heeled Wedges,Footwear,17,67.28,Instagram
2026-01-01,Canvas Sneakers,Footwear,30,50.0,TikTok Shop
2026-01-01,Printed Blouse,Apparel,29,29.87,Shopee
2026-01-02,Batik Shirt,Apparel,30,51.12,Instagram
2026-01-02,Casual Kurung,Apparel,22,74.0,TikTok Shop
2026-01-02,Baju Melayu Set,Apparel,22,99.18,Shopee
2026-01-02,Baju Melayu Set,Apparel,12,89.36,TikTok Shop
2026-01-02,Slip-on Sandals,Footwear,28,29.96,Instagram
2026-01-02,Crossbody Bag,Accessories,32,64.41,Shopee
2026-01-02,Slip-on Sandals,Footwear,42,31.63,Instagram
2026-01-02,Printed Blouse,Apparel,14,29.97,TikTok Shop
2026-01-02,Casual Kurung,Apparel,40,72.06,Shopee
2026-01-02,Casual Kurung,Apparel,34,78.72,Instagram
2026-01-02,Printed Blouse,Apparel,31,36.76,Shopee
2026-01-02,Heeled Wedges,Footwear,32,71.94,Shopee
2026-01-02,Canvas Sneakers,Footwear,18,51.58,TikTok Shop
2026-01-02,Crossbody Bag,Accessories,35,66.66,TikTok Shop
2026-01-02,Crossbody Bag,Accessories,9,63.01,TikTok Shop
2026-01-02,Canvas Sneakers,Footwear,27,47.32,TikTok Shop
2026-01-02,Heeled Wedges,Footwear,8,72.72,TikTok Shop
2026-01-02,Heeled Wedges,Footwear,15,71.5,Instagram
2026-01-02,Casual Kurung,Apparel,42,66.47,Shopee
2026-01-03,Casual Kurung,Apparel,11,72.77,Shopee
2026-01-03,Silk Hijab,Apparel,29,30.3,Shopee
2026-01-03,Casual Kurung,Apparel,61,70.12,TikTok Shop
2026-01-03,Heeled Wedges,Footwear,22,70.81,Shopee
2026-01-03,Casual Kurung,Apparel,38,74.34,Shopee
2026-01-03,Batik Shirt,Apparel,15,62.79,TikTok Shop
2026-01-03,Casual Kurung,Apparel,14,74.46,Shopee
2026-01-03,Casual Kurung,Apparel,1,85.01,Shopee
2026-01-03,Silk Hijab,Apparel,31,30.78,Shopee
2026-01-03,Batik Shirt,Apparel,61,50.63,TikTok Shop
2026-01-03,Slip-on Sandals,Footwear,26,38.48,Shopee
2026-01-03,Canvas Sneakers,Footwear,36,43.52,Shopee
2026-01-03,Slip-on Sandals,Footwear,57,31.11,Shopee
2026-01-03,Canvas Sneakers,Footwear,23,47.16,TikTok Shop
2026-01-03,Silk Hijab,Apparel,44,29.15,Shopee
2026-01-03,Silk Hijab,Apparel,38,25.67,TikTok Shop
2026-01-03,Canvas Sneakers,Footwear,60,42.55,Shopee
2026-01-03,Baju Melayu Set,Apparel,30,90.45,TikTok Shop
2026-01-04,Batik Shirt,Apparel,57,47.79,TikTok Shop
2026-01-04,Tote Bag,Accessories,25,34.64,Shopee
2026-01-04,Slip-on Sandals,Footwear,4,32.93,Shopee
2026-01-04,Tote Bag,Accessories,22,33.45,TikTok Shop
2026-01-04,Batik Shirt,Apparel,37,51.41,Shopee
2026-01-04,Batik Shirt,Apparel,7,58.35,TikTok Shop
2026-01-04,Batik Shirt,Apparel,9,57.94,Instagram
2026-01-04,Slip-on Sandals,Footwear,50,31.21,Shopee
2026-01-04,Silk Hijab,Apparel,31,30.83,Shopee
2026-01-04,Canvas Sneakers,Footwear,44,43.74,Shopee
2026-01-04,Printed Blouse,Apparel,6,37.34,Instagram
2026-01-04,Printed Blouse,Apparel,11,32.63,Shopee
2026-01-04,Baju Melayu Set,Apparel,46,94.43,TikTok Shop
2026-01-04,Slip-on Sandals,Footwear,45,30.06,Instagram
2026-01-04,Batik Shirt,Apparel,32,47.03,Shopee
2026-01-04,Canvas Sneakers,Footwear,59,47.4,TikTok Shop
2026-01-04,Silk Hijab,Apparel,36,31.38,Instagram
2026-01-04,Heeled Wedges,Footwear,6,60.03,Instagram
2026-01-04,Casual Kurung,Apparel,49,75.2,TikTok Shop
2026-01-05,Crossbody Bag,Accessories,30,79.12,Instagram
2026-01-05,Slip-on Sandals,Footwear,22,34.92,Shopee
2026-01-05,Slip-on Sandals,Footwear,16,33.93,Shopee
2026-01-05,Heeled Wedges,Footwear,13,63.58,Shopee
2026-01-05,Batik Shirt,Apparel,13,58.55,Shopee
2026-01-05,Baju Melayu Set,Apparel,22,83.07,TikTok Shop
2026-01-05,Batik Shirt,Apparel,22,62.68,Shopee
2026-01-05,Silk Hijab,Apparel,59,26.59,TikTok Shop
2026-01-05,Heeled Wedges,Footwear,36,58.75,Shopee
2026-01-05,Casual Kurung,Apparel,34,75.8,Shopee
2026-01-05,Silk Hijab,Apparel,21,32.18,Instagram
2026-01-05,Tote Bag,Accessories,34,32.53,TikTok Shop
2026-01-05,Casual Kurung,Apparel,8,81.54,Shopee
2026-01-05,Baju Melayu Set,Apparel,10,92.8,Instagram
2026-01-06,Crossbody Bag,Accessories,25,75.52,Shopee
2026-01-06,Heeled Wedges,Footwear,24,66.4,Shopee
2026-01-06,Casual Kurung,Apparel,32,73.61,Shopee
2026-01-06,Silk Hijab,Apparel,37,27.47,Instagram
2026-01-06,Printed Blouse,Apparel,4,37.83,Shopee
2026-01-06,Baju Melayu Set,Apparel,4,101.17,Shopee
2026-01-06,Tote Bag,Accessories,14,32.45,Instagram
2026-01-06,Canvas Sneakers,Footwear,20,54.29,TikTok Shop
2026-01-06,Crossbody Bag,Accessories,25,70.14,Shopee
2026-01-06,Casual Kurung,Apparel,9,71.18,Shopee
2026-01-06,Printed Blouse,Apparel,52,32.52,TikTok Shop
2026-01-06,Crossbody Bag,Accessories,29,65.81,Shopee
2026-01-06,Crossbody Bag,Accessories,17,63.74,TikTok Shop
2026-01-06,Slip-on Sandals,Footwear,16,33.84,Shopee
2026-01-06,Casual Kurung,Apparel,13,75.13,Shopee
2026-01-06,Slip-on Sandals,Footwear,26,39.77,Shopee
2026-01-06,Batik Shirt,Apparel,23,61.0,TikTok Shop
2026-01-07,Crossbody Bag,Accessories,15,75.58,TikTok Shop
2026-01-07,Crossbody Bag,Accessories,24,61.11,Shopee
2026-01-07,Heeled Wedges,Footwear,6,63.48,TikTok Shop
2026-01-07,Printed Blouse,Apparel,23,32.92,Shopee
2026-01-07,Heeled Wedges,Footwear,8,63.49,TikTok Shop
2026-01-07,Crossbody Bag,Accessories,10,70.2,Shopee
2026-01-07,Silk Hijab,Apparel,25,30.85,Shopee
2026-01-07,Baju Melayu Set,Apparel,27,99.63,TikTok Shop
2026-01-07,Silk Hijab,Apparel,15,32.68,Shopee
2026-01-07,Slip-on Sandals,Footwear,35,33.95,TikTok Shop
2026-01-07,Batik Shirt,Apparel,7,48.98,Instagram
2026-01-07,Heeled Wedges,Footwear,41,57.83,TikTok Shop
2026-01-07,Batik Shirt,Apparel,6,47.51,Shopee
2026-01-08,Printed Blouse,Apparel,10,32.04,Shopee
2026-01-08,Crossbody Bag,Accessories,1,71.08,Shopee
2026-01-08,Heeled Wedges,Footwear,8,63.84,Shopee
2026-01-08,Silk Hijab,Apparel,14,27.11,Shopee
2026-01-08,Casual Kurung,Apparel,16,73.89,Shopee
2026-01-08,Baju Melayu Set,Apparel,34,98.48,Shopee
2026-01-08,Printed Blouse,Apparel,7,29.91,Shopee
2026-01-08,Silk Hijab,Apparel,24,31.14,Shopee
2026-01-08,Baju Melayu Set,Apparel,33,96.24,Instagram
2026-01-08,Slip-on Sandals,Footwear,13,33.39,TikTok Shop
2026-01-08,Tote Bag,Accessories,11,28.3,Shopee
2026-01-08,Heeled Wedges,Footwear,29,73.98,TikTok Shop
2026-01-08,Casual Kurung,Apparel,33,84.77,TikTok Shop
2026-01-08,Canvas Sneakers,Footwear,5,50.73,TikTok Shop
2026-01-09,Silk Hijab,Apparel,44,26.33,Shopee
2026-01-09,Batik Shirt,Apparel,32,62.6,TikTok Shop
2026-01-09,Tote Bag,Accessories,37,29.66,TikTok Shop
2026-01-09,Batik Shirt,Apparel,33,47.05,Shopee
2026-01-09,Casual Kurung,Apparel,5,81.4,Shopee
2026-01-09,Tote Bag,Accessories,5,27.88,Shopee
2026-01-09,Tote Bag,Accessories,23,36.36,Shopee
2026-01-09,Slip-on Sandals,Footwear,20,37.1,Shopee
2026-01-09,Slip-on Sandals,Footwear,23,37.86,Instagram
2026-01-09,Baju Melayu Set,Apparel,32,77.28,TikTok Shop
2026-01-09,Casual Kurung,Apparel,49,66.93,TikTok Shop
2026-01-09,Batik Shirt,Apparel,26,47.61,Shopee
2026-01-09,Casual Kurung,Apparel,11,84.3,Shopee
2026-01-09,Heeled Wedges,Footwear,5,56.2,Instagram
2026-01-09,Baju Melayu Set,Apparel,24,97.98,TikTok Shop
2026-01-09,Slip-on Sandals,Footwear,33,35.69,TikTok Shop
2026-01-09,Silk Hijab,Apparel,18,27.5,TikTok Shop
2026-01-09,Batik Shirt,Apparel,30,47.96,Shopee
2026-01-10,Canvas Sneakers,Footwear,29,47.72,Instagram
2026-01-10,Canvas Sneakers,Footwear,13,49.83,Shopee
2026-01-10,Casual Kurung,Apparel,7,74.28,Instagram
2026-01-10,Crossbody Bag,Accessories,19,75.64,Shopee
2026-01-10,Heeled Wedges,Footwear,9,71.71,Shopee
2026-01-10,Batik Shirt,Apparel,42,55.92,TikTok Shop
2026-01-10,Heeled Wedges,Footwear,32,73.64,Shopee
2026-01-10,Slip-on Sandals,Footwear,9,38.91,Shopee
2026-01-10,Crossbody Bag,Accessories,55,64.9,TikTok Shop
2026-01-10,Printed Blouse,Apparel,20,32.12,Shopee
2026-01-10,Casual Kurung,Apparel,45,70.98,Shopee
2026-01-10,Slip-on Sandals,Footwear,31,40.04,TikTok Shop
2026-01-10,Heeled Wedges,Footwear,49,56.0,Instagram
2026-01-10,Tote Bag,Accessories,48,30.0,Shopee
2026-01-10,Tote Bag,Accessories,49,31.4,TikTok Shop
2026-01-10,Heeled Wedges,Footwear,19,58.66,Shopee
2026-01-10,Heeled Wedges,Footwear,54,57.2,Shopee
2026-01-10,Baju Melayu Set,Apparel,17,78.66,Instagram
2026-01-10,Printed Blouse,Apparel,6,39.08,Shopee
2026-01-10,Batik Shirt,Apparel,34,53.66,Shopee
2026-01-10,Crossbody Bag,Accessories,37,75.76,Shopee
2026-01-10,Canvas Sneakers,Footwear,17,57.39,Shopee
2026-01-10,Printed Blouse,Apparel,39,35.49,Shopee
2026-01-11,Baju Melayu Set,Apparel,13,100.46,Shopee
2026-01-11,Batik Shirt,Apparel,27,60.79,Instagram
2026-01-11,Batik Shirt,Apparel,11,54.84,TikTok Shop
2026-01-11,Silk Hijab,Apparel,18,28.03,Instagram
2026-01-11,Printed Blouse,Apparel,14,34.17,Shopee
2026-01-11,Tote Bag,Accessories,5,35.88,Shopee
2026-01-11,Tote Bag,Accessories,33,29.08,TikTok Shop
2026-01-11,Heeled Wedges,Footwear,8,60.9,Shopee
2026-01-11,Heeled Wedges,Footwear,16,61.36,Shopee
2026-01-11,Canvas Sneakers,Footwear,16,52.01,Shopee
2026-01-11,Slip-on Sandals,Footwear,25,36.53,TikTok Shop
2026-01-11,Printed Blouse,Apparel,32,33.27,Instagram
2026-01-12,Printed Blouse,Apparel,2,38.96,Shopee
2026-01-12,Casual Kurung,Apparel,17,80.66,Instagram
2026-01-12,Baju Melayu Set,Apparel,31,99.47,Shopee
2026-01-12,Silk Hijab,Apparel,21,26.31,TikTok Shop
2026-01-12,Heeled Wedges,Footwear,22,70.27,TikTok Shop
2026-01-12,Crossbody Bag,Accessories,25,75.31,Shopee
2026-01-12,Heeled Wedges,Footwear,17,71.95,Shopee
2026-01-12,Tote Bag,Accessories,5,31.05,Shopee
2026-01-12,Slip-on Sandals,Footwear,18,39.93,Shopee
2026-01-12,Batik Shirt,Apparel,11,60.21,Shopee
2026-01-12,Baju Melayu Set,Apparel,31,100.8,TikTok Shop
2026-01-12,Casual Kurung,Apparel,18,80.86,Shopee
2026-01-12,Baju Melayu Set,Apparel,20,83.12,Shopee
2026-01-12,Baju Melayu Set,Apparel,25,81.28,Instagram
2026-01-12,Tote Bag,Accessories,5,33.22,Shopee
2026-01-12,Canvas Sneakers,Footwear,36,53.63,Shopee
2026-01-12,Silk Hijab,Apparel,10,29.3,TikTok Shop
2026-01-12,Batik Shirt,Apparel,31,52.89,Shopee
2026-01-13,Printed Blouse,Apparel,19,37.9,TikTok Shop
2026-01-13,Tote Bag,Accessories,24,29.32,TikTok Shop
2026-01-13,Batik Shirt,Apparel,13,47.24,Shopee
2026-01-13,Crossbody Bag,Accessories,30,74.16,TikTok Shop
2026-01-13,Tote Bag,Accessories,11,36.1,TikTok Shop
2026-01-13,Slip-on Sandals,Footwear,33,34.28,TikTok Shop
2026-01-13,Slip-on Sandals,Footwear,10,37.76,TikTok Shop
2026-01-13,Crossbody Bag,Accessories,27,80.41,Shopee
2026-01-13,Heeled Wedges,Footwear,16,65.36,Shopee
2026-01-13,Batik Shirt,Apparel,11,60.56,TikTok Shop
2026-01-13,Batik Shirt,Apparel,9,47.74,Shopee
2026-01-13,Silk Hijab,Apparel,10,34.42,Shopee
2026-01-13,Batik Shirt,Apparel,36,55.38,TikTok Shop
2026-01-13,Heeled Wedges,Footwear,23,69.9,TikTok Shop
2026-01-13,Printed Blouse,Apparel,31,33.38,Shopee
2026-01-14,Silk Hijab,Apparel,56,27.33,TikTok Shop
2026-01-14,Silk Hijab,Apparel,23,31.19,TikTok Shop
2026-01-14,Silk Hijab,Apparel,37,30.97,TikTok Shop
2026-01-14,Slip-on Sandals,Footwear,19,30.02,TikTok Shop
2026-01-14,Canvas Sneakers,Footwear,32,48.71,TikTok Shop
2026-01-14,Baju Melayu Set,Apparel,38,85.19,Shopee
2026-01-14,Batik Shirt,Apparel,19,57.85,Shopee
2026-01-14,Canvas Sneakers,Footwear,16,47.2,Shopee
2026-01-14,Silk Hijab,Apparel,19,33.96,TikTok Shop
2026-01-15,Batik Shirt,Apparel,38,50.99,Instagram
2026-01-15,Canvas Sneakers,Footwear,9,55.59,TikTok Shop
2026-01-15,Crossbody Bag,Accessories,15,63.57,Shopee
2026-01-15,Baju Melayu Set,Apparel,36,91.62,TikTok Shop
2026-01-15,Tote Bag,Accessories,11,35.24,TikTok Shop
2026-01-15,Slip-on Sandals,Footwear,41,33.72,Shopee
2026-01-15,Crossbody Bag,Accessories,14,69.27,TikTok Shop
2026-01-15,Printed Blouse,Apparel,17,33.23,TikTok Shop
2026-01-15,Tote Bag,Accessories,12,33.14,Instagram
2026-01-15,Heeled Wedges,Footwear,17,68.38,TikTok Shop
2026-01-15,Printed Blouse,Apparel,8,34.54,TikTok Shop
2026-01-15,Slip-on Sandals,Footwear,25,33.78,Shopee
2026-01-15,Crossbody Bag,Accessories,32,76.62,TikTok Shop
2026-01-16,Slip-on Sandals,Footwear,18,38.88,Instagram
2026-01-16,Baju Melayu Set,Apparel,20,98.53,Instagram
2026-01-16,Batik Shirt,Apparel,9,47.83,TikTok Shop
2026-01-16,Casual Kurung,Apparel,19,81.82,Shopee
2026-01-16,Batik Shirt,Apparel,44,47.58,TikTok Shop
2026-01-16,Canvas Sneakers,Footwear,27,53.18,TikTok Shop
2026-01-16,Batik Shirt,Apparel,43,47.14,TikTok Shop
2026-01-16,Crossbody Bag,Accessories,33,74.91,Instagram
2026-01-16,Tote Bag,Accessories,24,29.82,Instagram
2026-01-16,Printed Blouse,Apparel,28,37.07,Shopee
2026-01-16,Tote Bag,Accessories,24,31.41,TikTok Shop
2026-01-16,Canvas Sneakers,Footwear,28,50.13,TikTok Shop
2026-01-16,Heeled Wedges,Footwear,12,71.8,Shopee
2026-01-16,Casual Kurung,Apparel,27,75.64,TikTok Shop
2026-01-17,Crossbody Bag,Accessories,20,68.86,Shopee
2026-01-17,Crossbody Bag,Accessories,13,67.78,Shopee
2026-01-17,Canvas Sneakers,Footwear,18,48.0,Instagram
2026-01-17,Canvas Sneakers,Footwear,25,54.45,Shopee
2026-01-17,Batik Shirt,Apparel,38,50.36,Shopee
2026-01-17,Heeled Wedges,Footwear,69,55.64,TikTok Shop
2026-01-17,Crossbody Bag,Accessories,28,63.59,Shopee
2026-01-17,Batik Shirt,Apparel,30,57.1,Shopee
2026-01-17,Baju Melayu Set,Apparel,12,86.79,TikTok Shop
2026-01-17,Baju Melayu Set,Apparel,43,92.0,Shopee
2026-01-17,Crossbody Bag,Accessories,28,65.48,TikTok Shop
2026-01-17,Crossbody Bag,Accessories,22,68.81,Shopee
2026-01-17,Batik Shirt,Apparel,14,60.8,Shopee
2026-01-17,Silk Hijab,Apparel,1,31.12,Shopee
2026-01-17,Silk Hijab,Apparel,28,31.68,Shopee
2026-01-18,Silk Hijab,Apparel,35,28.05,Shopee
2026-01-18,Tote Bag,Accessories,21,32.76,TikTok Shop
2026-01-18,Canvas Sneakers,Footwear,10,56.07,Shopee
2026-01-18,Slip-on Sandals,Footwear,25,39.43,Shopee
2026-01-18,Casual Kurung,Apparel,37,67.22,Shopee
2026-01-18,Canvas Sneakers,Footwear,42,51.96,Shopee
2026-01-18,Crossbody Bag,Accessories,40,79.69,Shopee
2026-01-18,Crossbody Bag,Accessories,30,66.08,TikTok Shop
2026-01-18,Canvas Sneakers,Footwear,35,51.6,TikTok Shop
2026-01-18,Crossbody Bag,Accessories,33,69.37,Shopee
2026-01-18,Heeled Wedges,Footwear,41,64.75,Instagram
2026-01-18,Silk Hijab,Apparel,26,34.09,TikTok Shop
2026-01-18,Tote Bag,Accessories,16,35.26,Shopee
2026-01-19,Tote Bag,Accessories,7,30.08,TikTok Shop
2026-01-19,Silk Hijab,Apparel,40,27.7,Shopee
2026-01-19,Crossbody Bag,Accessories,40,67.36,Shopee
2026-01-19,Batik Shirt,Apparel,6,55.14,TikTok Shop
2026-01-19,Crossbody Bag,Accessories,16,78.07,Instagram
2026-01-19,Silk Hijab,Apparel,11,33.19,Shopee
2026-01-19,Casual Kurung,Apparel,22,85.59,Shopee
2026-01-19,Printed Blouse,Apparel,9,38.85,Shopee
2026-01-19,Printed Blouse,Apparel,18,36.4,Instagram
2026-01-19,Printed Blouse,Apparel,17,38.9,Shopee
2026-01-19,Canvas Sneakers,Footwear,17,44.38,Shopee
2026-01-19,Casual Kurung,Apparel,41,78.89,TikTok Shop
2026-01-20,Slip-on Sandals,Footwear,13,33.44,Shopee
2026-01-20,Casual Kurung,Apparel,47,69.78,Shopee
2026-01-20,Slip-on Sandals,Footwear,18,35.65,Instagram
2026-01-20,Batik Shirt,Apparel,35,53.0,TikTok Shop
2026-01-20,Canvas Sneakers,Footwear,26,44.12,Shopee
2026-01-20,Batik Shirt,Apparel,6,58.95,Shopee
2026-01-20,Heeled Wedges,Footwear,27,68.21,TikTok Shop
2026-01-20,Silk Hijab,Apparel,22,27.45,Shopee
2026-01-20,Tote Bag,Accessories,16,29.8,Instagram
2026-01-20,Canvas Sneakers,Footwear,58,46.65,TikTok Shop
2026-01-20,Tote Bag,Accessories,15,31.98,Shopee
2026-01-20,Casual Kurung,Apparel,43,71.68,TikTok Shop
2026-01-20,Heeled Wedges,Footwear,40,58.52,Instagram
2026-01-20,Heeled Wedges,Footwear,34,60.99,Shopee
2026-01-20,Silk Hijab,Apparel,45,27.45,Instagram
2026-01-21,Heeled Wedges,Footwear,44,57.41,Shopee
2026-01-21,Batik Shirt,Apparel,15,62.47,TikTok Shop
2026-01-21,Silk Hijab,Apparel,14,33.11,TikTok Shop
2026-01-21,Slip-on Sandals,Footwear,43,31.14,Instagram
2026-01-21,Canvas Sneakers,Footwear,34,43.3,TikTok Shop
2026-01-21,Silk Hijab,Apparel,44,30.3,TikTok Shop
2026-01-21,Tote Bag,Accessories,15,33.31,TikTok Shop
2026-01-21,Crossbody Bag,Accessories,31,78.18,Shopee
2026-01-21,Heeled Wedges,Footwear,15,74.15,TikTok Shop
2026-01-21,Tote Bag,Accessories,12,31.71,Shopee
2026-01-22,Crossbody Bag,Accessories,10,69.44,Shopee
2026-01-22,Silk Hijab,Apparel,42,29.36,Shopee
2026-01-22,Baju Melayu Set,Apparel,19,80.56,TikTok Shop
2026-01-22,Baju Melayu Set,Apparel,22,95.98,Shopee
2026-01-22,Silk Hijab,Apparel,27,33.92,TikTok Shop
2026-01-22,Slip-on Sandals,Footwear,26,34.04,Shopee
2026-01-22,Crossbody Bag,Accessories,6,77.23,Shopee
2026-01-22,Slip-on Sandals,Footwear,10,33.66,TikTok Shop
2026-01-22,Canvas Sneakers,Footwear,29,45.53,Instagram
2026-01-22,Crossbody Bag,Accessories,23,71.15,Shopee
2026-01-22,Canvas Sneakers,Footwear,33,47.15,TikTok Shop
2026-01-23,Printed Blouse,Apparel,21,31.5,TikTok Shop
2026-01-23,Slip-on Sandals,Footwear,37,34.86,Shopee
2026-01-23,Casual Kurung,Apparel,9,74.97,Shopee
2026-01-23,Canvas Sneakers,Footwear,29,54.59,TikTok Shop
2026-01-23,Canvas Sneakers,Footwear,13,46.9,Shopee
2026-01-23,Canvas Sneakers,Footwear,9,57.41,TikTok Shop
2026-01-23,Silk Hijab,Apparel,29,31.91,Instagram
2026-01-23,Tote Bag,Accessories,23,34.15,Shopee
2026-01-23,Silk Hijab,Apparel,35,31.78,Shopee
2026-01-24,Printed Blouse,Apparel,59,31.66,TikTok Shop
2026-01-24,Batik Shirt,Apparel,44,50.32,TikTok Shop
2026-01-24,Silk Hijab,Apparel,61,26.83,TikTok Shop
2026-01-24,Silk Hijab,Apparel,37,26.26,Shopee
2026-01-24,Tote Bag,Accessories,36,30.22,Shopee
2026-01-24,Baju Melayu Set,Apparel,18,98.07,Shopee
2026-01-24,Heeled Wedges,Footwear,48,58.6,Instagram
2026-01-24,Casual Kurung,Apparel,42,73.97,TikTok Shop
2026-01-24,Batik Shirt,Apparel,18,60.82,Shopee
2026-01-24,Heeled Wedges,Footwear,27,65.76,Shopee
2026-01-24,Casual Kurung,Apparel,41,75.82,Shopee
2026-01-25,Baju Melayu Set,Apparel,16,83.91,Shopee
2026-01-25,Printed Blouse,Apparel,71,32.64,Shopee
2026-01-25,Heeled Wedges,Footwear,38,58.56,Shopee
2026-01-25,Printed Blouse,Apparel,59,29.99,TikTok Shop
2026-01-25,Tote Bag,Accessories,79,28.38,TikTok Shop
2026-01-25,Casual Kurung,Apparel,22,77.72,Shopee
2026-01-25,Canvas Sneakers,Footwear,53,48.55,Shopee
2026-01-25,Crossbody Bag,Accessories,45,63.34,TikTok Shop
2026-01-25,Crossbody Bag,Accessories,37,76.0,Shopee
2026-01-25,Silk Hijab,Apparel,35,29.72,Shopee
2026-01-25,Casual Kurung,Apparel,21,70.26,TikTok Shop
2026-01-26,Canvas Sneakers,Footwear,44,46.96,Shopee
2026-01-26,Slip-on Sandals,Footwear,39,33.66,TikTok Shop
2026-01-26,Slip-on Sandals,Footwear,20,37.14,Instagram
2026-01-26,Slip-on Sandals,Footwear,42,31.56,TikTok Shop
2026-01-26,Slip-on Sandals,Footwear,40,32.95,Shopee
2026-01-26,Heeled Wedges,Footwear,39,61.69,TikTok Shop
2026-01-26,Baju Melayu Set,Apparel,49,82.64,Shopee
2026-01-26,Casual Kurung,Apparel,30,67.14,Instagram
2026-01-26,Crossbody Bag,Accessories,34,75.95,Shopee
2026-01-26,Slip-on Sandals,Footwear,34,35.86,TikTok Shop
2026-01-26,Baju Melayu Set,Apparel,50,91.92,TikTok Shop
2026-01-26,Tote Bag,Accessories,38,33.91,Instagram
2026-01-26,Baju Melayu Set,Apparel,73,76.6,TikTok Shop
2026-01-27,Casual Kurung,Apparel,24,84.75,Instagram
2026-01-27,Slip-on Sandals,Footwear,39,32.58,TikTok Shop
2026-01-27,Canvas Sneakers,Footwear,59,42.65,TikTok Shop
2026-01-27,Tote Bag,Accessories,41,31.72,Shopee
2026-01-27,Printed Blouse,Apparel,57,31.1,Shopee
2026-01-27,Casual Kurung,Apparel,34,65.96,Shopee
2026-01-27,Tote Bag,Accessories,8,33.33,TikTok Shop
2026-01-28,Silk Hijab,Apparel,32,32.0,Instagram
2026-01-28,Crossbody Bag,Accessories,47,71.14,TikTok Shop
2026-01-28,Baju Melayu Set,Apparel,6,95.29,Shopee
2026-01-28,Tote Bag,Accessories,23,30.6,TikTok Shop
2026-01-28,Canvas Sneakers,Footwear,34,54.91,Shopee
2026-01-28,Crossbody Bag,Accessories,61,61.26,TikTok Shop
2026-01-28,Silk Hijab,Apparel,33,30.93,Shopee
2026-01-28,Slip-on Sandals,Footwear,28,39.07,Shopee
2026-01-28,Slip-on Sandals,Footwear,10,39.03,Shopee
2026-01-28,Tote Bag,Accessories,67,29.95,TikTok Shop
2026-01-28,Batik Shirt,Apparel,41,54.62,Shopee
2026-01-28,Crossbody Bag,Accessories,46,63.11,TikTok Shop
2026-01-29,Baju Melayu Set,Apparel,5,99.04,Shopee
2026-01-29,Baju Melayu Set,Apparel,12,78.82,TikTok Shop
2026-01-29,Batik Shirt,Apparel,34,49.12,Shopee
2026-01-29,Batik Shirt,Apparel,42,53.42,Shopee
2026-01-29,Crossbody Bag,Accessories,4,78.72,Shopee
2026-01-29,Canvas Sneakers,Footwear,43,47.63,Shopee
2026-01-29,Batik Shirt,Apparel,8,61.35,TikTok Shop
2026-01-29,Heeled Wedges,Footwear,36,68.4,Shopee
2026-01-29,Heeled Wedges,Footwear,31,65.98,Shopee
2026-01-29,Tote Bag,Accessories,24,28.01,TikTok Shop
2026-01-29,Printed Blouse,Apparel,16,35.93,Shopee
2026-01-30,Crossbody Bag,Accessories,20,61.18,Shopee
2026-01-30,Tote Bag,Accessories,43,30.25,Instagram
2026-01-30,Heeled Wedges,Footwear,18,64.1,Shopee
2026-01-30,Baju Melayu Set,Apparel,45,77.92,Shopee
2026-01-30,Crossbody Bag,Accessories,7,80.03,TikTok Shop
2026-01-30,Crossbody Bag,Accessories,45,79.14,TikTok Shop
2026-01-30,Baju Melayu Set,Apparel,46,80.23,Shopee
2026-01-30,Tote Bag,Accessories,16,35.29,Shopee
2026-01-30,Printed Blouse,Apparel,16,39.49,Shopee
2026-01-30,Silk Hijab,Apparel,19,26.76,TikTok Shop
2026-01-30,Crossbody Bag,Accessories,33,67.12,TikTok Shop
2026-01-30,Batik Shirt,Apparel,25,48.4,Shopee
2026-01-30,Batik Shirt,Apparel,30,52.02,Shopee
2026-01-30,Baju Melayu Set,Apparel,33,102.2,Shopee
2026-01-30,Batik Shirt,Apparel,19,49.09,TikTok Shop
2026-01-30,Printed Blouse,Apparel,12,35.02,Instagram
2026-01-30,Batik Shirt,Apparel,14,58.26,Instagram
2026-01-31,Slip-on Sandals,Footwear,50,30.47,Shopee
2026-01-31,Heeled Wedges,Footwear,36,67.15,TikTok Shop
2026-01-31,Baju Melayu Set,Apparel,31,83.54,Shopee
2026-01-31,Slip-on Sandals,Footwear,18,38.93,Instagram
2026-01-31,Batik Shirt,Apparel,20,61.91,TikTok Shop
2026-01-31,Batik Shirt,Apparel,23,55.44,Instagram
2026-01-31,Silk Hijab,Apparel,20,33.82,Shopee
2026-02-01,Silk Hijab,Apparel,32,34.27,Shopee
2026-02-01,Batik Shirt,Apparel,15,56.51,Shopee
2026-02-01,Tote Bag,Accessories,12,36.75,TikTok Shop
2026-02-01,Heeled Wedges,Footwear,39,71.01,Shopee
2026-02-01,Tote Bag,Accessories,23,33.01,TikTok Shop
2026-02-01,Slip-on Sandals,Footwear,56,30.59,Instagram
2026-02-01,Batik Shirt,Apparel,74,46.96,TikTok Shop
2026-02-01,Casual Kurung,Apparel,45,70.87,Shopee
2026-02-01,Silk Hijab,Apparel,4,32.69,Shopee
2026-02-01,Crossbody Bag,Accessories,40,74.05,TikTok Shop
2026-02-01,Crossbody Bag,Accessories,8,74.56,TikTok Shop
2026-02-01,Batik Shirt,Apparel,55,52.92,Shopee
2026-02-01,Batik Shirt,Apparel,31,47.52,Instagram
2026-02-01,Silk Hijab,Apparel,52,30.75,TikTok Shop
2026-02-01,Printed Blouse,Apparel,55,33.08,Shopee
2026-02-01,Printed Blouse,Apparel,39,33.23,TikTok Shop
2026-02-02,Slip-on Sandals,Footwear,52,30.92,TikTok Shop
2026-02-02,Casual Kurung,Apparel,25,73.45,Shopee
2026-02-02,Baju Melayu Set,Apparel,46,77.89,TikTok Shop
2026-02-02,Slip-on Sandals,Footwear,32,36.17,Shopee
2026-02-02,Printed Blouse,Apparel,12,32.36,Shopee
2026-02-02,Batik Shirt,Apparel,34,54.8,TikTok Shop
2026-02-02,Canvas Sneakers,Footwear,27,54.26,Instagram
2026-02-02,Tote Bag,Accessories,22,33.78,Shopee
2026-02-02,Batik Shirt,Apparel,10,60.6,Shopee
2026-02-02,Printed Blouse,Apparel,44,30.25,Shopee
2026-02-02,Casual Kurung,Apparel,17,72.5,Shopee
2026-02-02,Baju Melayu Set,Apparel,16,84.34,Shopee
2026-02-02,Slip-on Sandals,Footwear,20,30.77,Shopee
2026-02-02,Silk Hijab,Apparel,20,27.78,TikTok Shop
2026-02-02,Casual Kurung,Apparel,12,83.43,Shopee
2026-02-02,Canvas Sneakers,Footwear,30,51.33,Shopee
2026-02-02,Crossbody Bag,Accessories,25,70.26,Shopee
2026-02-02,Casual Kurung,Apparel,35,71.05,Instagram
2026-02-02,Casual Kurung,Apparel,51,74.79,TikTok Shop
2026-02-02,Slip-on Sandals,Footwear,43,33.33,Shopee
2026-02-02,Heeled Wedges,Footwear,49,62.15,TikTok Shop
2026-02-03,Canvas Sneakers,Footwear,38,50.98,Shopee
2026-02-03,Casual Kurung,Apparel,29,68.49,TikTok Shop
2026-02-03,Crossbody Bag,Accessories,24,70.76,TikTok Shop
2026-02-03,Heeled Wedges,Footwear,34,68.68,TikTok Shop
2026-02-03,Canvas Sneakers,Footwear,11,52.73,TikTok Shop
2026-02-03,Tote Bag,Accessories,40,32.65,TikTok Shop
2026-02-03,Casual Kurung,Apparel,31,64.55,Shopee
2026-02-03,Casual Kurung,Apparel,15,79.14,Shopee
2026-02-03,Slip-on Sandals,Footwear,7,35.8,Shopee
2026-02-03,Tote Bag,Accessories,37,34.37,Shopee
2026-02-03,Canvas Sneakers,Footwear,4,50.03,Shopee
2026-02-03,Tote Bag,Accessories,23,31.72,Shopee
2026-02-03,Casual Kurung,Apparel,41,78.34,TikTok Shop
2026-02-04,Baju Melayu Set,Apparel,38,95.75,TikTok Shop
2026-02-04,Tote Bag,Accessories,22,32.73,Shopee
2026-02-04,Casual Kurung,Apparel,35,77.21,Shopee
2026-02-04,Batik Shirt,Apparel,5,48.56,Shopee
2026-02-04,Crossbody Bag,Accessories,43,60.29,TikTok Shop
2026-02-04,Batik Shirt,Apparel,9,59.79,Shopee
2026-02-04,Crossbody Bag,Accessories,36,68.84,Instagram
2026-02-04,Canvas Sneakers,Footwear,38,50.51,TikTok Shop
2026-02-04,Canvas Sneakers,Footwear,18,54.05,TikTok Shop
2026-02-04,Silk Hijab,Apparel,9,34.42,TikTok Shop
2026-02-04,Casual Kurung,Apparel,26,75.26,Shopee
2026-02-04,Canvas Sneakers,Footwear,11,53.54,Shopee
2026-02-04,Baju Melayu Set,Apparel,25,98.68,Shopee
2026-02-04,Casual Kurung,Apparel,9,84.77,Shopee
2026-02-04,Tote Bag,Accessories,42,32.91,TikTok Shop
2026-02-04,Batik Shirt,Apparel,11,61.51,Instagram
2026-02-04,Printed Blouse,Apparel,33,37.93,TikTok Shop
2026-02-05,Slip-on Sandals,Footwear,51,30.35,Shopee
2026-02-05,Silk Hijab,Apparel,38,27.19,Shopee
2026-02-05,Batik Shirt,Apparel,20,56.34,Shopee
2026-02-05,Baju Melayu Set,Apparel,23,92.62,Shopee
2026-02-05,Slip-on Sandals,Footwear,22,30.94,Shopee
2026-02-05,Tote Bag,Accessories,24,30.99,Shopee
2026-02-05,Crossbody Bag,Accessories,49,69.3,TikTok Shop
2026-02-05,Casual Kurung,Apparel,25,65.47,TikTok Shop
2026-02-05,Tote Bag,Accessories,19,34.08,Shopee
2026-02-05,Slip-on Sandals,Footwear,9,29.82,Instagram
2026-02-05,Heeled Wedges,Footwear,35,58.7,Instagram
2026-02-05,Slip-on Sandals,Footwear,23,33.66,Shopee
2026-02-05,Silk Hijab,Apparel,16,30.76,TikTok Shop
2026-02-05,Slip-on Sandals,Footwear,19,38.97,TikTok Shop
2026-02-05,Tote Bag,Accessories,56,29.85,TikTok Shop
2026-02-06,Silk Hijab,Apparel,20,32.43,Instagram
2026-02-06,Crossbody Bag,Accessories,25,78.12,Shopee
2026-02-06,Tote Bag,Accessories,5,35.46,Shopee
2026-02-06,Baju Melayu Set,Apparel,16,97.9,TikTok Shop
2026-02-06,Heeled Wedges,Footwear,31,64.93,TikTok Shop
2026-02-06,Crossbody Bag,Accessories,26,77.0,Shopee
2026-02-06,Printed Blouse,Apparel,50,32.57,Shopee
2026-02-06,Casual Kurung,Apparel,45,70.97,TikTok Shop
2026-02-06,Casual Kurung,Apparel,3,83.46,Instagram
2026-02-07,Printed Blouse,Apparel,17,36.16,Shopee
2026-02-07,Crossbody Bag,Accessories,55,60.07,Shopee
2026-02-07,Canvas Sneakers,Footwear,7,56.82,TikTok Shop
2026-02-07,Printed Blouse,Apparel,8,39.48,TikTok Shop
2026-02-07,Canvas Sneakers,Footwear,26,56.56,Shopee
2026-02-07,Silk Hijab,Apparel,30,30.02,Instagram
2026-02-07,Crossbody Bag,Accessories,9,70.86,TikTok Shop
2026-02-07,Printed Blouse,Apparel,23,38.05,Shopee
2026-02-07,Canvas Sneakers,Footwear,33,56.11,TikTok Shop
2026-02-07,Batik Shirt,Apparel,34,46.8,Shopee
2026-02-08,Baju Melayu Set,Apparel,13,91.96,Instagram
2026-02-08,Batik Shirt,Apparel,5,50.14,Shopee
2026-02-08,Printed Blouse,Apparel,35,31.96,Instagram
2026-02-08,Heeled Wedges,Footwear,34,68.47,Shopee
2026-02-08,Canvas Sneakers,Footwear,43,56.66,TikTok Shop
2026-02-08,Heeled Wedges,Footwear,18,72.7,Shopee
2026-02-08,Baju Melayu Set,Apparel,13,76.52,TikTok Shop
2026-02-08,Heeled Wedges,Footwear,41,59.36,Shopee
2026-02-08,Silk Hijab,Apparel,37,31.04,Shopee
2026-02-09,Canvas Sneakers,Footwear,23,46.56,Shopee
2026-02-09,Slip-on Sandals,Footwear,58,32.45,TikTok Shop
2026-02-09,Casual Kurung,Apparel,15,70.04,Shopee
2026-02-09,Crossbody Bag,Accessories,10,61.04,Shopee
2026-02-09,Crossbody Bag,Accessories,23,78.72,Shopee
2026-02-09,Canvas Sneakers,Footwear,27,44.52,Shopee
2026-02-09,Silk Hijab,Apparel,28,34.17,Shopee
2026-02-09,Casual Kurung,Apparel,44,70.39,Shopee
2026-02-09,Heeled Wedges,Footwear,14,67.92,Shopee
2026-02-09,Heeled Wedges,Footwear,38,59.39,Shopee
2026-02-09,Tote Bag,Accessories,49,28.24,Shopee
2026-02-09,Tote Bag,Accessories,29,35.65,Shopee
2026-02-09,Silk Hijab,Apparel,29,32.79,Shopee
2026-02-09,Batik Shirt,Apparel,8,54.4,Shopee
2026-02-09,Silk Hijab,Apparel,30,28.08,Instagram
2026-02-09,Canvas Sneakers,Footwear,15,45.09,TikTok Shop
2026-02-09,Casual Kurung,Apparel,31,83.58,TikTok Shop
2026-02-10,Tote Bag,Accessories,23,35.7,Shopee
2026-02-10,Batik Shirt,Apparel,40,47.44,Shopee
2026-02-10,Printed Blouse,Apparel,7,35.21,Shopee
2026-02-10,Batik Shirt,Apparel,20,60.57,Shopee
2026-02-10,Crossbody Bag,Accessories,14,69.41,Shopee
2026-02-10,Slip-on Sandals,Footwear,9,39.23,Shopee
2026-02-10,Heeled Wedges,Footwear,17,59.98,Instagram
2026-02-10,Silk Hijab,Apparel,13,27.66,Shopee
2026-02-10,Casual Kurung,Apparel,5,83.89,TikTok Shop
2026-02-10,Crossbody Bag,Accessories,21,70.79,Shopee
2026-02-10,Tote Bag,Accessories,34,34.36,TikTok Shop
2026-02-10,Tote Bag,Accessories,20,34.47,Shopee
2026-02-10,Slip-on Sandals,Footwear,13,32.28,Shopee
2026-02-10,Printed Blouse,Apparel,17,35.38,Shopee
2026-02-11,Silk Hijab,Apparel,11,31.62,Instagram
2026-02-11,Baju Melayu Set,Apparel,15,98.45,Shopee
2026-02-11,Crossbody Bag,Accessories,29,65.07,TikTok Shop
2026-02-11,Printed Blouse,Apparel,18,38.51,Shopee
2026-02-11,Heeled Wedges,Footwear,13,58.93,Shopee
2026-02-11,Casual Kurung,Apparel,42,69.29,Instagram
2026-02-11,Baju Melayu Set,Apparel,21,77.08,Shopee
2026-02-11,Crossbody Bag,Accessories,25,74.74,Shopee
2026-02-11,Heeled Wedges,Footwear,17,71.68,TikTok Shop
2026-02-11,Heeled Wedges,Footwear,41,66.09,TikTok Shop
2026-02-11,Batik Shirt,Apparel,12,63.19,Shopee
2026-02-11,Tote Bag,Accessories,14,34.9,Shopee
2026-02-11,Slip-on Sandals,Footwear,31,33.41,TikTok Shop
2026-02-12,Canvas Sneakers,Footwear,39,52.19,TikTok Shop
2026-02-12,Silk Hijab,Apparel,42,25.55,Shopee
2026-02-12,Printed Blouse,Apparel,30,35.82,Shopee
2026-02-12,Printed Blouse,Apparel,36,35.34,TikTok Shop
2026-02-12,Canvas Sneakers,Footwear,32,45.14,Shopee
2026-02-12,Silk Hijab,Apparel,19,32.81,Shopee
2026-02-12,Canvas Sneakers,Footwear,26,53.94,Instagram
2026-02-12,Crossbody Bag,Accessories,48,69.76,TikTok Shop
2026-02-12,Baju Melayu Set,Apparel,28,93.14,Instagram
2026-02-12,Casual Kurung,Apparel,25,84.48,Instagram
2026-02-12,Baju Melayu Set,Apparel,6,101.42,TikTok Shop
2026-02-12,Heeled Wedges,Footwear,22,58.37,Shopee
2026-02-12,Crossbody Bag,Accessories,18,79.45,Instagram
2026-02-12,Batik Shirt,Apparel,33,60.27,TikTok Shop
2026-02-12,Heeled Wedges,Footwear,26,61.97,TikTok Shop
2026-02-12,Silk Hijab,Apparel,29,28.47,Shopee
2026-02-12,Baju Melayu Set,Apparel,7,102.36,Shopee
2026-02-13,Heeled Wedges,Footwear,45,55.52,Shopee
2026-02-13,Printed Blouse,Apparel,27,33.36,Instagram
2026-02-13,Heeled Wedges,Footwear,11,71.28,TikTok Shop
2026-02-13,Casual Kurung,Apparel,25,80.99,Shopee
2026-02-13,Casual Kurung,Apparel,21,67.89,TikTok Shop
2026-02-13,Batik Shirt,Apparel,30,60.83,Shopee
2026-02-13,Batik Shirt,Apparel,11,56.28,Shopee
2026-02-13,Batik Shirt,Apparel,5,61.94,Shopee
2026-02-13,Slip-on Sandals,Footwear,28,36.38,TikTok Shop
2026-02-13,Slip-on Sandals,Footwear,11,33.97,Instagram
2026-02-13,Heeled Wedges,Footwear,34,63.36,TikTok Shop
2026-02-13,Tote Bag,Accessories,59,28.34,TikTok Shop
2026-02-13,Batik Shirt,Apparel,40,58.4,TikTok Shop
2026-02-13,Batik Shirt,Apparel,33,51.21,Shopee
2026-02-13,Heeled Wedges,Footwear,29,62.6,Instagram
2026-02-14,Heeled Wedges,Footwear,8,74.24,Instagram
2026-02-14,Slip-on Sandals,Footwear,31,38.29,Shopee
2026-02-14,Baju Melayu Set,Apparel,6,77.22,TikTok Shop
2026-02-14,Heeled Wedges,Footwear,21,61.95,Instagram
2026-02-14,Slip-on Sandals,Footwear,13,34.46,Instagram
2026-02-14,Casual Kurung,Apparel,40,82.12,TikTok Shop
2026-02-14,Tote Bag,Accessories,51,30.28,Shopee
2026-02-14,Slip-on Sandals,Footwear,33,36.17,TikTok Shop
2026-02-14,Printed Blouse,Apparel,36,34.18,TikTok Shop
2026-02-14,Heeled Wedges,Footwear,22,66.66,Instagram
2026-02-14,Crossbody Bag,Accessories,11,74.23,Instagram
2026-02-14,Baju Melayu Set,Apparel,17,95.69,TikTok Shop
2026-02-14,Tote Bag,Accessories,29,27.53,Shopee
2026-02-15,Tote Bag,Accessories,36,33.09,Instagram
2026-02-15,Crossbody Bag,Accessories,38,65.56,Shopee
2026-02-15,Canvas Sneakers,Footwear,27,56.76,Shopee
2026-02-15,Silk Hijab,Apparel,49,26.53,TikTok Shop
2026-02-15,Crossbody Bag,Accessories,26,60.67,Instagram
2026-02-15,Casual Kurung,Apparel,18,67.51,Shopee
2026-02-15,Batik Shirt,Apparel,17,49.44,Shopee
2026-02-15,Casual Kurung,Apparel,16,66.07,Shopee
2026-02-15,Batik Shirt,Apparel,53,57.0,TikTok Shop
2026-02-15,Heeled Wedges,Footwear,24,63.43,TikTok Shop
2026-02-15,Batik Shirt,Apparel,6,61.38,Shopee
2026-02-15,Casual Kurung,Apparel,29,73.24,Instagram
2026-02-16,Printed Blouse,Apparel,24,38.86,TikTok Shop
2026-02-16,Canvas Sneakers,Footwear,17,49.89,Shopee
2026-02-16,Tote Bag,Accessories,34,30.11,Shopee
2026-02-16,Heeled Wedges,Footwear,44,66.15,TikTok Shop
2026-02-16,Heeled Wedges,Footwear,26,58.16,Shopee
2026-02-16,Canvas Sneakers,Footwear,24,48.03,Instagram
2026-02-16,Printed Blouse,Apparel,6,34.79,TikTok Shop
2026-02-16,Printed Blouse,Apparel,23,30.99,Shopee
2026-02-17,Tote Bag,Accessories,31,30.3,TikTok Shop
2026-02-17,Heeled Wedges,Footwear,6,60.52,TikTok Shop
2026-02-17,Canvas Sneakers,Footwear,17,47.58,TikTok Shop
2026-02-17,Canvas Sneakers,Footwear,28,43.19,Shopee
2026-02-17,Crossbody Bag,Accessories,43,62.77,Shopee
2026-02-17,Casual Kurung,Apparel,30,64.15,Instagram
2026-02-17,Silk Hijab,Apparel,35,30.85,Shopee
2026-02-17,Canvas Sneakers,Footwear,15,45.73,Instagram
2026-02-17,Batik Shirt,Apparel,21,62.64,Shopee
2026-02-17,Silk Hijab,Apparel,48,26.04,TikTok Shop
2026-02-17,Heeled Wedges,Footwear,5,57.48,Shopee
2026-02-17,Printed Blouse,Apparel,6,39.97,Shopee
2026-02-18,Slip-on Sandals,Footwear,55,32.74,TikTok Shop
2026-02-18,Slip-on Sandals,Footwear,37,33.15,Shopee
2026-02-18,Silk Hijab,Apparel,39,26.55,TikTok Shop
2026-02-18,Baju Melayu Set,Apparel,32,91.66,TikTok Shop
2026-02-18,Silk Hijab,Apparel,20,32.41,TikTok Shop
2026-02-18,Batik Shirt,Apparel,5,57.7,TikTok Shop
2026-02-18,Slip-on Sandals,Footwear,43,30.79,Shopee
2026-02-18,Printed Blouse,Apparel,13,40.08,TikTok Shop
2026-02-18,Slip-on Sandals,Footwear,14,40.12,Shopee
2026-02-18,Casual Kurung,Apparel,22,69.18,Instagram
2026-02-18,Casual Kurung,Apparel,37,74.33,Shopee
2026-02-18,Batik Shirt,Apparel,14,60.29,TikTok Shop
2026-02-18,Batik Shirt,Apparel,39,52.91,Shopee
2026-02-19,Crossbody Bag,Accessories,19,77.01,Shopee
2026-02-19,Tote Bag,Accessories,12,36.42,TikTok Shop
2026-02-19,Silk Hijab,Apparel,16,32.71,Shopee
2026-02-19,Batik Shirt,Apparel,4,57.43,Shopee
2026-02-19,Casual Kurung,Apparel,7,85.17,TikTok Shop
2026-02-19,Slip-on Sandals,Footwear,18,35.69,Shopee
2026-02-19,Casual Kurung,Apparel,12,75.51,Shopee
2026-02-19,Batik Shirt,Apparel,5,62.21,Shopee
2026-02-19,Casual Kurung,Apparel,5,74.41,Shopee
2026-02-19,Batik Shirt,Apparel,37,49.87,TikTok Shop
2026-02-19,Heeled Wedges,Footwear,44,63.8,TikTok Shop
2026-02-19,Printed Blouse,Apparel,39,33.79,Shopee
2026-02-20,Slip-on Sandals,Footwear,38,36.1,TikTok Shop
2026-02-20,Silk Hijab,Apparel,38,29.98,Shopee
2026-02-20,Baju Melayu Set,Apparel,21,99.64,TikTok Shop
2026-02-20,Crossbody Bag,Accessories,35,80.23,TikTok Shop
2026-02-20,Tote Bag,Accessories,42,28.14,Shopee
2026-02-20,Silk Hijab,Apparel,9,33.81,Shopee
2026-02-20,Silk Hijab,Apparel,25,28.43,TikTok Shop
2026-02-20,Slip-on Sandals,Footwear,37,31.72,Shopee
2026-02-20,Printed Blouse,Apparel,31,31.9,TikTok Shop
2026-02-20,Printed Blouse,Apparel,8,38.25,TikTok Shop
2026-02-20,Casual Kurung,Apparel,21,69.42,Shopee
2026-02-20,Tote Bag,Accessories,39,31.02,Shopee
2026-02-20,Batik Shirt,Apparel,24,62.27,Shopee
2026-02-20,Silk Hijab,Apparel,13,31.72,Shopee
2026-02-20,Silk Hijab,Apparel,19,30.4,Shopee
2026-02-20,Tote Bag,Accessories,12,35.19,Shopee
2026-02-21,Silk Hijab,Apparel,13,33.72,Shopee
2026-02-21,Crossbody Bag,Accessories,7,80.2,Shopee
2026-02-21,Canvas Sneakers,Footwear,14,49.21,Shopee
2026-02-21,Casual Kurung,Apparel,32,81.39,TikTok Shop
2026-02-21,Batik Shirt,Apparel,9,57.14,TikTok Shop
2026-02-21,Canvas Sneakers,Footwear,26,56.0,Shopee
2026-02-21,Heeled Wedges,Footwear,22,57.61,Instagram
2026-02-21,Silk Hijab,Apparel,58,29.94,TikTok Shop
2026-02-21,Slip-on Sandals,Footwear,21,34.0,Instagram
2026-02-21,Baju Melayu Set,Apparel,35,83.68,Instagram
2026-02-21,Crossbody Bag,Accessories,28,74.44,TikTok Shop
2026-02-21,Casual Kurung,Apparel,11,81.62,TikTok Shop
2026-02-21,Slip-on Sandals,Footwear,16,36.0,Shopee
2026-02-22,Silk Hijab,Apparel,22,33.98,Shopee
2026-02-22,Printed Blouse,Apparel,52,34.03,TikTok Shop
2026-02-22,Canvas Sneakers,Footwear,33,56.99,Shopee
2026-02-22,Casual Kurung,Apparel,12,72.88,Shopee
2026-02-22,Batik Shirt,Apparel,42,52.96,Shopee
2026-02-22,Printed Blouse,Apparel,43,35.57,Shopee
2026-02-22,Tote Bag,Accessories,16,28.67,Instagram
2026-02-22,Printed Blouse,Apparel,39,32.73,TikTok Shop
2026-02-22,Batik Shirt,Apparel,36,61.62,Shopee
2026-02-22,Printed Blouse,Apparel,8,38.59,TikTok Shop
2026-02-22,Silk Hijab,Apparel,26,33.01,Instagram
2026-02-22,Heeled Wedges,Footwear,24,72.19,Shopee
2026-02-23,Canvas Sneakers,Footwear,3,54.32,Shopee
2026-02-23,Crossbody Bag,Accessories,31,76.28,Shopee
2026-02-23,Silk Hijab,Apparel,16,33.8,Shopee
2026-02-23,Heeled Wedges,Footwear,10,62.26,TikTok Shop
2026-02-23,Heeled Wedges,Footwear,8,68.66,Shopee
2026-02-23,Crossbody Bag,Accessories,39,63.77,Instagram
2026-02-23,Slip-on Sandals,Footwear,9,34.41,TikTok Shop
2026-02-23,Crossbody Bag,Accessories,33,72.55,Instagram
2026-02-23,Tote Bag,Accessories,8,27.63,TikTok Shop
2026-02-23,Slip-on Sandals,Footwear,11,37.07,TikTok Shop
2026-02-23,Silk Hijab,Apparel,17,28.87,TikTok Shop
2026-02-23,Batik Shirt,Apparel,11,50.87,Instagram
2026-02-24,Batik Shirt,Apparel,27,48.24,Shopee
2026-02-24,Silk Hijab,Apparel,30,33.63,Shopee
2026-02-24,Casual Kurung,Apparel,16,64.58,Shopee
2026-02-24,Crossbody Bag,Accessories,21,64.06,TikTok Shop
2026-02-24,Crossbody Bag,Accessories,6,80.48,TikTok Shop
2026-02-24,Baju Melayu Set,Apparel,35,83.25,Shopee
2026-02-24,Heeled Wedges,Footwear,37,60.81,TikTok Shop
2026-02-24,Crossbody Bag,Accessories,12,68.94,Shopee
2026-02-24,Heeled Wedges,Footwear,14,63.95,Instagram
2026-02-24,Baju Melayu Set,Apparel,21,92.02,Shopee
2026-02-24,Slip-on Sandals,Footwear,23,37.64,Shopee
2026-02-25,Slip-on Sandals,Footwear,52,31.15,TikTok Shop
2026-02-25,Casual Kurung,Apparel,58,66.95,Shopee
2026-02-25,Silk Hijab,Apparel,18,33.15,Instagram
2026-02-25,Baju Melayu Set,Apparel,12,86.73,TikTok Shop
2026-02-25,Heeled Wedges,Footwear,9,63.25,TikTok Shop
2026-02-25,Printed Blouse,Apparel,15,38.32,TikTok Shop
2026-02-25,Crossbody Bag,Accessories,24,70.48,Shopee
2026-02-25,Casual Kurung,Apparel,42,67.59,Instagram
2026-02-25,Canvas Sneakers,Footwear,34,54.82,TikTok Shop
2026-02-25,Batik Shirt,Apparel,29,61.62,Instagram
2026-02-25,Batik Shirt,Apparel,17,52.65,TikTok Shop
2026-02-26,Canvas Sneakers,Footwear,37,52.07,Shopee
2026-02-26,Silk Hijab,Apparel,49,28.03,Shopee
2026-02-26,Crossbody Bag,Accessories,10,68.86,Shopee
2026-02-26,Slip-on Sandals,Footwear,41,33.75,Shopee
2026-02-26,Canvas Sneakers,Footwear,38,51.97,TikTok Shop
2026-02-26,Crossbody Bag,Accessories,22,71.42,TikTok Shop
2026-02-26,Heeled Wedges,Footwear,43,70.0,TikTok Shop
2026-02-26,Heeled Wedges,Footwear,9,67.48,Instagram
2026-02-26,Canvas Sneakers,Footwear,30,50.58,TikTok Shop
2026-02-26,Slip-on Sandals,Footwear,53,32.5,Shopee
2026-02-26,Crossbody Bag,Accessories,13,72.29,Shopee
2026-02-26,Slip-on Sandals,Footwear,17,34.51,Instagram
2026-02-26,Heeled Wedges,Footwear,46,67.96,TikTok Shop
2026-02-26,Heeled Wedges,Footwear,22,66.95,TikTok Shop
2026-02-27,Casual Kurung,Apparel,47,67.45,Shopee
2026-02-27,Tote Bag,Accessories,33,30.7,Shopee
2026-02-27,Crossbody Bag,Accessories,48,59.84,Shopee
2026-02-27,Slip-on Sandals,Footwear,6,30.21,Instagram
2026-02-27,Canvas Sneakers,Footwear,8,52.59,Shopee
2026-02-27,Casual Kurung,Apparel,25,80.7,TikTok Shop
2026-02-27,Printed Blouse,Apparel,45,32.05,Instagram
2026-02-27,Tote Bag,Accessories,37,29.7,TikTok Shop
2026-02-27,Crossbody Bag,Accessories,37,71.44,Shopee
2026-02-27,Batik Shirt,Apparel,19,50.15,Instagram
2026-02-27,Canvas Sneakers,Footwear,43,55.91,TikTok Shop
2026-02-27,Printed Blouse,Apparel,55,32.23,Shopee
2026-02-27,Batik Shirt,Apparel,8,61.56,Shopee
2026-02-27,Batik Shirt,Apparel,4,47.37,Shopee
2026-02-27,Heeled Wedges,Footwear,34,67.0,Shopee
2026-02-27,Crossbody Bag,Accessories,25,62.84,Shopee
2026-02-27,Crossbody Bag,Accessories,53,60.45,TikTok Shop
2026-02-27,Slip-on Sandals,Footwear,36,37.47,TikTok Shop
2026-02-27,Tote Bag,Accessories,26,29.5,Shopee
2026-02-27,Printed Blouse,Apparel,44,31.22,Instagram
2026-02-27,Casual Kurung,Apparel,11,79.01,Shopee
2026-02-28,Canvas Sneakers,Footwear,47,55.48,TikTok Shop
2026-02-28,Crossbody Bag,Accessories,16,66.42,Instagram
2026-02-28,Batik Shirt,Apparel,15,53.89,Shopee
2026-02-28,Printed Blouse,Apparel,16,32.02,Shopee
2026-02-28,Casual Kurung,Apparel,13,64.24,Shopee
2026-02-28,Casual Kurung,Apparel,49,75.37,TikTok Shop
2026-02-28,Silk Hijab,Apparel,7,32.13,Shopee
2026-02-28,Batik Shirt,Apparel,75,50.18,TikTok Shop
2026-02-28,Canvas Sneakers,Footwear,33,51.86,TikTok Shop
2026-02-28,Batik Shirt,Apparel,85,47.7,TikTok Shop
2026-02-28,Silk Hijab,Apparel,23,28.11,Instagram
2026-02-28,Baju Melayu Set,Apparel,43,102.25,Shopee
2026-02-28,Slip-on Sandals,Footwear,53,34.05,Shopee
2026-02-28,Printed Blouse,Apparel,41,36.51,Shopee
2026-02-28,Canvas Sneakers,Footwear,40,44.66,TikTok Shop
2026-02-28,Silk Hijab,Apparel,72,27.36,Shopee
2026-03-01,Crossbody Bag,Accessories,13,72.03,Instagram
2026-03-01,Tote Bag,Accessories,27,29.09,TikTok Shop
2026-03-01,Heeled Wedges,Footwear,44,72.25,TikTok Shop
2026-03-01,Casual Kurung,Apparel,27,66.62,Shopee
2026-03-01,Slip-on Sandals,Footwear,27,37.11,Instagram
2026-03-01,Canvas Sneakers,Footwear,7,47.0,Shopee
2026-03-01,Slip-on Sandals,Footwear,11,37.08,TikTok Shop
2026-03-01,Baju Melayu Set,Apparel,3,92.23,Shopee
2026-03-01,Heeled Wedges,Footwear,20,71.81,Shopee
2026-03-01,Batik Shirt,Apparel,27,48.44,TikTok Shop
2026-03-01,Baju Melayu Set,Apparel,31,85.77,Shopee
2026-03-01,Casual Kurung,Apparel,7,81.64,Shopee
2026-03-01,Canvas Sneakers,Footwear,27,44.36,Shopee
2026-03-01,Casual Kurung,Apparel,8,71.21,Shopee
2026-03-01,Slip-on Sandals,Footwear,19,32.69,Shopee
2026-03-02,Heeled Wedges,Footwear,6,55.69,Shopee
2026-03-02,Tote Bag,Accessories,47,31.38,TikTok Shop
2026-03-02,Tote Bag,Accessories,17,33.69,Instagram
2026-03-02,Batik Shirt,Apparel,25,58.78,Shopee
2026-03-02,Silk Hijab,Apparel,38,28.57,Shopee
2026-03-02,Tote Bag,Accessories,20,36.68,TikTok Shop
2026-03-02,Printed Blouse,Apparel,46,30.84,Shopee
2026-03-02,Batik Shirt,Apparel,42,47.11,Shopee
2026-03-02,Batik Shirt,Apparel,26,57.46,TikTok Shop
2026-03-02,Printed Blouse,Apparel,18,30.87,Shopee
2026-03-02,Tote Bag,Accessories,10,29.09,TikTok Shop
2026-03-02,Crossbody Bag,Accessories,29,80.43,TikTok Shop
2026-03-02,Printed Blouse,Apparel,10,32.9,Shopee
2026-03-02,Baju Melayu Set,Apparel,13,78.71,Instagram
2026-03-02,Printed Blouse,Apparel,16,37.01,Shopee
2026-03-02,Crossbody Bag,Accessories,21,60.76,TikTok Shop
2026-03-02,Tote Bag,Accessories,14,32.66,TikTok Shop
2026-03-02,Slip-on Sandals,Footwear,10,34.51,Shopee
2026-03-02,Printed Blouse,Apparel,39,30.41,Instagram
2026-03-02,Printed Blouse,Apparel,25,30.8,TikTok Shop
2026-03-02,Printed Blouse,Apparel,13,39.61,Instagram
2026-03-02,Crossbody Bag,Accessories,9,67.53,Shopee
2026-03-02,Silk Hijab,Apparel,13,25.51,TikTok Shop
2026-03-02,Slip-on Sandals,Footwear,2,36.75,Shopee
2026-03-03,Baju Melayu Set,Apparel,36,79.25,TikTok Shop
2026-03-03,Baju Melayu Set,Apparel,7,98.93,Shopee
2026-03-03,Heeled Wedges,Footwear,12,68.17,TikTok Shop
2026-03-03,Crossbody Bag,Accessories,33,77.18,TikTok Shop
2026-03-03,Silk Hijab,Apparel,14,31.68,Shopee
2026-03-03,Baju Melayu Set,Apparel,31,79.06,Instagram
2026-03-03,Baju Melayu Set,Apparel,39,89.69,TikTok Shop
2026-03-03,Baju Melayu Set,Apparel,13,89.8,Shopee
2026-03-03,Batik Shirt,Apparel,22,52.57,Shopee
2026-03-03,Heeled Wedges,Footwear,36,61.33,TikTok Shop
2026-03-03,Heeled Wedges,Footwear,43,57.75,Shopee
2026-03-03,Casual Kurung,Apparel,31,71.01,Shopee
2026-03-03,Tote Bag,Accessories,14,30.62,Instagram
2026-03-03,Tote Bag,Accessories,18,36.15,TikTok Shop
2026-03-03,Silk Hijab,Apparel,31,26.22,TikTok Shop
2026-03-03,Crossbody Bag,Accessories,11,70.86,TikTok Shop
2026-03-03,Casual Kurung,Apparel,8,71.37,Shopee
2026-03-03,Canvas Sneakers,Footwear,15,52.55,Instagram
2026-03-04,Baju Melayu Set,Apparel,21,87.4,Shopee
2026-03-04,Casual Kurung,Apparel,38,73.18,Shopee
2026-03-04,Silk Hijab,Apparel,29,27.58,Shopee
2026-03-04,Canvas Sneakers,Footwear,8,51.2,TikTok Shop
2026-03-04,Casual Kurung,Apparel,47,65.71,Shopee
2026-03-04,Casual Kurung,Apparel,34,68.75,TikTok Shop
2026-03-04,Printed Blouse,Apparel,16,32.74,Shopee
2026-03-04,Silk Hijab,Apparel,12,26.82,Instagram
2026-03-04,Heeled Wedges,Footwear,37,64.52,Shopee
2026-03-04,Baju Melayu Set,Apparel,7,82.61,TikTok Shop
2026-03-04,Crossbody Bag,Accessories,17,71.9,Instagram
2026-03-04,Canvas Sneakers,Footwear,32,46.32,Shopee
2026-03-04,Batik Shirt,Apparel,25,57.34,Shopee
2026-03-05,Slip-on Sandals,Footwear,16,40.03,TikTok Shop
2026-03-05,Printed Blouse,Apparel,46,30.37,Shopee
2026-03-05,Baju Melayu Set,Apparel,13,86.71,TikTok Shop
2026-03-05,Casual Kurung,Apparel,37,69.35,Shopee
2026-03-05,Batik Shirt,Apparel,48,50.03,TikTok Shop
2026-03-05,Tote Bag,Accessories,49,29.7,TikTok Shop
2026-03-05,Canvas Sneakers,Footwear,44,50.13,TikTok Shop
2026-03-05,Batik Shirt,Apparel,14,51.41,Shopee
2026-03-05,Canvas Sneakers,Footwear,35,44.22,Shopee
2026-03-05,Tote Bag,Accessories,20,32.14,TikTok Shop
2026-03-05,Printed Blouse,Apparel,8,39.92,Instagram
2026-03-05,Casual Kurung,Apparel,13,64.81,Shopee
2026-03-05,Slip-on Sandals,Footwear,26,37.12,Instagram
2026-03-06,Silk Hijab,Apparel,39,26.51,Shopee
2026-03-06,Slip-on Sandals,Footwear,22,32.24,TikTok Shop
2026-03-06,Heeled Wedges,Footwear,45,55.49,TikTok Shop
2026-03-06,Heeled Wedges,Footwear,31,65.67,Shopee
2026-03-06,Silk Hijab,Apparel,11,33.41,Instagram
2026-03-06,Crossbody Bag,Accessories,37,62.87,Instagram
2026-03-06,Tote Bag,Accessories,22,34.6,Shopee
2026-03-06,Casual Kurung,Apparel,14,78.28,TikTok Shop
2026-03-06,Heeled Wedges,Footwear,12,71.87,Instagram
2026-03-06,Batik Shirt,Apparel,15,63.02,Shopee
2026-03-06,Canvas Sneakers,Footwear,33,54.1,TikTok Shop
2026-03-06,Canvas Sneakers,Footwear,10,53.28,TikTok Shop
2026-03-06,Heeled Wedges,Footwear,39,70.52,TikTok Shop
2026-03-06,Crossbody Bag,Accessories,26,68.47,Instagram
2026-03-06,Crossbody Bag,Accessories,18,64.55,TikTok Shop
2026-03-06,Crossbody Bag,Accessories,12,78.79,Shopee
2026-03-06,Crossbody Bag,Accessories,7,75.43,Instagram
2026-03-07,Casual Kurung,Apparel,18,76.75,Shopee
2026-03-07,Casual Kurung,Apparel,33,69.67,Shopee
2026-03-07,Slip-on Sandals,Footwear,31,39.23,Shopee
2026-03-07,Baju Melayu Set,Apparel,27,100.32,TikTok Shop
2026-03-07,Slip-on Sandals,Footwear,41,33.21,Shopee
2026-03-07,Casual Kurung,Apparel,12,77.82,TikTok Shop
2026-03-07,Batik Shirt,Apparel,26,62.58,Shopee
2026-03-07,Heeled Wedges,Footwear,19,66.02,Instagram
2026-03-07,Canvas Sneakers,Footwear,19,57.33,TikTok Shop
2026-03-07,Silk Hijab,Apparel,33,26.78,Instagram
2026-03-07,Heeled Wedges,Footwear,16,71.99,Instagram
2026-03-07,Silk Hijab,Apparel,23,29.78,Instagram
2026-03-07,Heeled Wedges,Footwear,10,63.32,TikTok Shop
2026-03-07,Casual Kurung,Apparel,7,85.26,Shopee
2026-03-07,Casual Kurung,Apparel,33,86.11,Shopee
2026-03-07,Canvas Sneakers,Footwear,13,51.19,Shopee
2026-03-07,Batik Shirt,Apparel,7,62.09,Shopee
2026-03-07,Batik Shirt,Apparel,15,52.07,TikTok Shop
2026-03-08,Canvas Sneakers,Footwear,39,45.79,Instagram
2026-03-08,Tote Bag,Accessories,15,29.32,Shopee
2026-03-08,Casual Kurung,Apparel,43,78.62,TikTok Shop
2026-03-08,Silk Hijab,Apparel,27,33.68,TikTok Shop
2026-03-08,Casual Kurung,Apparel,25,66.47,Instagram
2026-03-08,Baju Melayu Set,Apparel,32,79.28,Shopee
2026-03-08,Casual Kurung,Apparel,16,76.7,Shopee
2026-03-08,Canvas Sneakers,Footwear,40,42.74,Instagram
2026-03-08,Canvas Sneakers,Footwear,35,49.7,TikTok Shop
2026-03-08,Slip-on Sandals,Footwear,65,30.76,TikTok Shop
2026-03-08,Crossbody Bag,Accessories,31,69.16,Instagram
2026-03-08,Heeled Wedges,Footwear,12,55.68,TikTok Shop
2026-03-08,Silk Hijab,Apparel,59,28.09,TikTok Shop
2026-03-08,Tote Bag,Accessories,33,29.53,TikTok Shop
2026-03-08,Crossbody Bag,Accessories,42,64.71,TikTok Shop
2026-03-08,Heeled Wedges,Footwear,65,56.16,TikTok Shop
2026-03-08,Baju Melayu Set,Apparel,22,87.34,Instagram
2026-03-09,Casual Kurung,Apparel,52,67.98,TikTok Shop
2026-03-09,Tote Bag,Accessories,29,31.01,TikTok Shop
2026-03-09,Tote Bag,Accessories,32,35.89,Shopee
2026-03-09,Heeled Wedges,Footwear,17,65.59,Shopee
2026-03-09,Crossbody Bag,Accessories,4,66.9,TikTok Shop
2026-03-09,Silk Hijab,Apparel,12,32.72,TikTok Shop
2026-03-09,Silk Hijab,Apparel,47,26.76,TikTok Shop
2026-03-09,Silk Hijab,Apparel,43,28.41,Instagram
2026-03-09,Canvas Sneakers,Footwear,35,49.94,TikTok Shop
2026-03-09,Tote Bag,Accessories,35,28.52,TikTok Shop
2026-03-09,Slip-on Sandals,Footwear,12,35.76,Shopee
2026-03-09,Crossbody Bag,Accessories,41,68.56,Shopee
2026-03-09,Canvas Sneakers,Footwear,29,53.01,Shopee
2026-03-09,Printed Blouse,Apparel,7,32.52,Instagram
2026-03-09,Silk Hijab,Apparel,9,30.87,TikTok Shop
2026-03-09,Crossbody Bag,Accessories,5,76.06,Shopee
2026-03-10,Casual Kurung,Apparel,15,72.42,Instagram
2026-03-10,Printed Blouse,Apparel,10,38.77,Shopee
2026-03-10,Silk Hijab,Apparel,16,33.87,TikTok Shop
2026-03-10,Batik Shirt,Apparel,36,55.08,Shopee
2026-03-10,Batik Shirt,Apparel,39,50.91,Shopee
2026-03-10,Batik Shirt,Apparel,23,46.81,Shopee
2026-03-10,Slip-on Sandals,Footwear,4,34.21,Instagram
2026-03-10,Heeled Wedges,Footwear,30,67.08,TikTok Shop
2026-03-10,Heeled Wedges,Footwear,18,63.73,TikTok Shop
2026-03-10,Casual Kurung,Apparel,31,85.5,Shopee
2026-03-10,Casual Kurung,Apparel,9,85.86,TikTok Shop
2026-03-10,Heeled Wedges,Footwear,40,69.91,TikTok Shop
2026-03-10,Batik Shirt,Apparel,47,47.96,TikTok Shop
2026-03-10,Tote Bag,Accessories,15,35.92,Shopee
2026-03-10,Crossbody Bag,Accessories,37,69.16,Shopee
2026-03-10,Canvas Sneakers,Footwear,26,55.52,Shopee
2026-03-10,Baju Melayu Set,Apparel,38,83.92,Instagram
2026-03-10,Crossbody Bag,Accessories,20,73.06,TikTok Shop
2026-03-11,Printed Blouse,Apparel,27,30.05,Instagram
2026-03-11,Canvas Sneakers,Footwear,11,43.02,TikTok Shop
2026-03-11,Printed Blouse,Apparel,22,37.23,TikTok Shop
2026-03-11,Heeled Wedges,Footwear,24,73.4,Shopee
2026-03-11,Slip-on Sandals,Footwear,15,34.45,TikTok Shop
2026-03-11,Casual Kurung,Apparel,28,76.66,Instagram
2026-03-11,Silk Hijab,Apparel,6,30.47,Instagram
2026-03-11,Slip-on Sandals,Footwear,20,39.44,TikTok Shop
2026-03-11,Slip-on Sandals,Footwear,39,35.11,Shopee
2026-03-11,Baju Melayu Set,Apparel,22,85.33,Shopee
2026-03-11,Batik Shirt,Apparel,34,56.35,Shopee
2026-03-11,Batik Shirt,Apparel,17,52.46,Shopee
2026-03-11,Crossbody Bag,Accessories,15,77.33,Shopee
2026-03-11,Baju Melayu Set,Apparel,25,82.32,Shopee
2026-03-11,Crossbody Bag,Accessories,9,76.03,TikTok Shop
2026-03-11,Heeled Wedges,Footwear,15,55.54,TikTok Shop
2026-03-11,Canvas Sneakers,Footwear,9,54.35,Shopee
2026-03-12,Casual Kurung,Apparel,33,78.05,Shopee
2026-03-12,Slip-on Sandals,Footwear,11,36.17,Shopee
2026-03-12,Tote Bag,Accessories,11,27.81,Shopee
2026-03-12,Casual Kurung,Apparel,28,73.66,TikTok Shop
2026-03-12,Baju Melayu Set,Apparel,31,84.02,Shopee
2026-03-12,Tote Bag,Accessories,8,32.29,Instagram
2026-03-12,Slip-on Sandals,Footwear,38,31.42,TikTok Shop
2026-03-12,Silk Hijab,Apparel,24,31.56,TikTok Shop
2026-03-12,Casual Kurung,Apparel,24,78.31,TikTok Shop
2026-03-12,Crossbody Bag,Accessories,24,64.72,Shopee
2026-03-12,Canvas Sneakers,Footwear,11,55.79,Shopee
2026-03-12,Slip-on Sandals,Footwear,7,32.37,Shopee
2026-03-12,Tote Bag,Accessories,49,29.87,TikTok Shop
2026-03-12,Tote Bag,Accessories,3,34.79,TikTok Shop
2026-03-12,Slip-on Sandals,Footwear,10,34.48,Shopee
2026-03-12,Tote Bag,Accessories,12,33.51,Instagram
2026-03-12,Casual Kurung,Apparel,54,70.33,TikTok Shop
2026-03-12,Heeled Wedges,Footwear,38,65.32,TikTok Shop
2026-03-13,Casual Kurung,Apparel,35,70.71,Instagram
2026-03-13,Printed Blouse,Apparel,14,36.74,TikTok Shop
2026-03-13,Baju Melayu Set,Apparel,11,97.77,TikTok Shop
2026-03-13,Batik Shirt,Apparel,21,53.6,TikTok Shop
2026-03-13,Silk Hijab,Apparel,7,31.13,Shopee
2026-03-13,Tote Bag,Accessories,22,28.38,TikTok Shop
2026-03-13,Canvas Sneakers,Footwear,42,48.72,Shopee
2026-03-13,Casual Kurung,Apparel,19,74.15,Shopee
2026-03-13,Batik Shirt,Apparel,8,62.45,TikTok Shop
2026-03-13,Printed Blouse,Apparel,53,30.83,TikTok Shop
2026-03-14,Baju Melayu Set,Apparel,48,93.98,TikTok Shop
2026-03-14,Batik Shirt,Apparel,23,52.37,Shopee
2026-03-14,Heeled Wedges,Footwear,15,59.18,Shopee
2026-03-14,Heeled Wedges,Footwear,7,73.48,Instagram
2026-03-14,Slip-on Sandals,Footwear,21,35.2,Instagram
2026-03-14,Slip-on Sandals,Footwear,28,38.54,TikTok Shop
2026-03-14,Canvas Sneakers,Footwear,49,49.02,TikTok Shop
2026-03-14,Canvas Sneakers,Footwear,36,57.16,TikTok Shop
2026-03-14,Silk Hijab,Apparel,28,30.37,TikTok Shop
2026-03-14,Baju Melayu Set,Apparel,34,97.82,Shopee
2026-03-14,Casual Kurung,Apparel,12,73.97,Shopee
2026-03-14,Crossbody Bag,Accessories,17,75.94,Shopee
2026-03-14,Silk Hijab,Apparel,35,26.15,TikTok Shop
2026-03-14,Tote Bag,Accessories,19,35.35,Shopee
2026-03-14,Casual Kurung,Apparel,16,83.7,Shopee
2026-03-15,Crossbody Bag,Accessories,58,77.66,Instagram
2026-03-15,Baju Melayu Set,Apparel,45,79.59,TikTok Shop
2026-03-15,Silk Hijab,Apparel,71,32.11,Shopee
2026-03-15,Crossbody Bag,Accessories,14,64.67,Instagram
2026-03-15,Slip-on Sandals,Footwear,27,38.85,Shopee
2026-03-15,Slip-on Sandals,Footwear,57,33.87,Shopee
2026-03-15,Heeled Wedges,Footwear,29,70.94,Shopee
2026-03-15,Crossbody Bag,Accessories,34,65.68,TikTok Shop
2026-03-15,Silk Hijab,Apparel,126,31.93,Shopee
2026-03-15,Canvas Sneakers,Footwear,14,45.64,TikTok Shop
2026-03-15,Tote Bag,Accessories,50,33.87,Shopee
2026-03-15,Heeled Wedges,Footwear,29,70.46,Shopee
2026-03-15,Crossbody Bag,Accessories,36,67.04,Instagram
2026-03-15,Silk Hijab,Apparel,55,32.0,Instagram
2026-03-15,Crossbody Bag,Accessories,48,66.33,TikTok Shop
2026-03-15,Casual Kurung,Apparel,98,84.82,Shopee
2026-03-15,Crossbody Bag,Accessories,35,62.5,TikTok Shop
2026-03-16,Heeled Wedges,Footwear,61,58.26,Shopee
2026-03-16,Baju Melayu Set,Apparel,28,95.75,Shopee
2026-03-16,Crossbody Bag,Accessories,42,63.42,Shopee
2026-03-16,Casual Kurung,Apparel,21,76.62,TikTok Shop
2026-03-16,Casual Kurung,Apparel,66,64.76,TikTok Shop
2026-03-16,Baju Melayu Set,Apparel,27,79.59,TikTok Shop
2026-03-16,Batik Shirt,Apparel,53,53.67,Shopee
2026-03-16,Crossbody Bag,Accessories,57,71.1,Shopee
2026-03-16,Printed Blouse,Apparel,40,39.49,TikTok Shop
2026-03-16,Canvas Sneakers,Footwear,66,48.24,Shopee
2026-03-16,Crossbody Bag,Accessories,45,72.42,Shopee
2026-03-16,Silk Hijab,Apparel,126,30.56,Shopee
2026-03-16,Printed Blouse,Apparel,14,34.01,Instagram
2026-03-16,Tote Bag,Accessories,29,33.25,TikTok Shop
2026-03-16,Heeled Wedges,Footwear,29,57.14,Shopee
2026-03-16,Baju Melayu Set,Apparel,120,92.07,TikTok Shop
2026-03-16,Heeled Wedges,Footwear,104,73.48,TikTok Shop
2026-03-17,Casual Kurung,Apparel,120,78.56,Shopee
2026-03-17,Heeled Wedges,Footwear,108,62.42,TikTok Shop
2026-03-17,Canvas Sneakers,Footwear,10,51.04,Shopee
2026-03-17,Heeled Wedges,Footwear,29,63.38,Shopee
2026-03-17,Tote Bag,Accessories,46,36.23,Shopee
2026-03-17,Casual Kurung,Apparel,13,86.14,TikTok Shop
2026-03-18,Heeled Wedges,Footwear,16,66.79,TikTok Shop
2026-03-18,Slip-on Sandals,Footwear,17,29.95,Shopee
2026-03-18,Slip-on Sandals,Footwear,44,34.46,Instagram
2026-03-18,Slip-on Sandals,Footwear,82,30.28,Shopee
2026-03-18,Slip-on Sandals,Footwear,15,33.73,TikTok Shop
2026-03-18,Crossbody Bag,Accessories,60,69.43,TikTok Shop
2026-03-18,Baju Melayu Set,Apparel,78,77.5,TikTok Shop
2026-03-18,Batik Shirt,Apparel,136,47.46,TikTok Shop
2026-03-18,Tote Bag,Accessories,22,30.17,Shopee
2026-03-18,Tote Bag,Accessories,61,29.81,Instagram
2026-03-19,Casual Kurung,Apparel,126,82.91,TikTok Shop
2026-03-19,Heeled Wedges,Footwear,119,62.8,TikTok Shop
2026-03-19,Tote Bag,Accessories,59,27.38,Shopee
2026-03-19,Printed Blouse,Apparel,35,34.26,TikTok Shop
2026-03-19,Casual Kurung,Apparel,22,81.19,Shopee
2026-03-19,Slip-on Sandals,Footwear,92,32.33,TikTok Shop
2026-03-19,Heeled Wedges,Footwear,74,72.21,TikTok Shop
2026-03-19,Printed Blouse,Apparel,9,38.99,Instagram
2026-03-19,Printed Blouse,Apparel,52,31.17,TikTok Shop
2026-03-20,Tote Bag,Accessories,19,29.08,Shopee
2026-03-20,Crossbody Bag,Accessories,15,65.29,Shopee
2026-03-20,Baju Melayu Set,Apparel,104,98.09,TikTok Shop
2026-03-20,Crossbody Bag,Accessories,42,63.51,Instagram
2026-03-20,Silk Hijab,Apparel,113,27.71,Shopee
2026-03-20,Tote Bag,Accessories,72,28.82,Shopee
2026-03-20,Heeled Wedges,Footwear,104,63.46,Shopee
2026-03-20,Batik Shirt,Apparel,130,55.78,TikTok Shop
2026-03-20,Heeled Wedges,Footwear,46,73.25,TikTok Shop
2026-03-20,Slip-on Sandals,Footwear,53,30.29,TikTok Shop
2026-03-20,Casual Kurung,Apparel,79,85.25,TikTok Shop
2026-03-20,Printed Blouse,Apparel,11,31.54,Shopee
2026-03-21,Baju Melayu Set,Apparel,71,77.82,TikTok Shop
2026-03-21,Heeled Wedges,Footwear,115,74.16,Shopee
2026-03-21,Casual Kurung,Apparel,74,79.46,TikTok Shop
2026-03-21,Baju Melayu Set,Apparel,109,77.42,TikTok Shop
2026-03-21,Casual Kurung,Apparel,42,81.86,Instagram
2026-03-21,Crossbody Bag,Accessories,46,62.84,Instagram
2026-03-21,Crossbody Bag,Accessories,12,59.57,Shopee
2026-03-21,Canvas Sneakers,Footwear,89,49.92,TikTok Shop
2026-03-21,Crossbody Bag,Accessories,20,76.81,TikTok Shop
2026-03-21,Heeled Wedges,Footwear,115,64.93,TikTok Shop
2026-03-22,Batik Shirt,Apparel,129,49.21,TikTok Shop
2026-03-22,Slip-on Sandals,Footwear,65,32.48,Shopee
2026-03-22,Tote Bag,Accessories,66,32.71,TikTok Shop
2026-03-22,Casual Kurung,Apparel,61,76.37,Instagram
2026-03-22,Tote Bag,Accessories,24,31.32,Shopee
2026-03-22,Printed Blouse,Apparel,50,38.93,Shopee
2026-03-22,Crossbody Bag,Accessories,8,70.98,Shopee
2026-03-22,Printed Blouse,Apparel,42,35.36,Shopee
2026-03-22,Printed Blouse,Apparel,37,39.95,TikTok Shop
2026-03-22,Baju Melayu Set,Apparel,96,84.15,Shopee
2026-03-22,Batik Shirt,Apparel,117,60.75,Shopee
2026-03-23,Slip-on Sandals,Footwear,6,36.41,Instagram
2026-03-23,Heeled Wedges,Footwear,61,70.64,Shopee
2026-03-23,Slip-on Sandals,Footwear,27,29.87,TikTok Shop
2026-03-23,Batik Shirt,Apparel,139,52.05,TikTok Shop
2026-03-23,Slip-on Sandals,Footwear,32,29.9,Shopee
2026-03-23,Canvas Sneakers,Footwear,38,48.2,Instagram
2026-03-23,Tote Bag,Accessories,50,31.25,Shopee
2026-03-23,Crossbody Bag,Accessories,57,78.81,TikTok Shop
2026-03-23,Crossbody Bag,Accessories,26,76.95,TikTok Shop
2026-03-23,Tote Bag,Accessories,67,27.47,TikTok Shop
2026-03-23,Crossbody Bag,Accessories,23,65.45,TikTok Shop
2026-03-23,Silk Hijab,Apparel,127,29.87,Shopee
2026-03-23,Baju Melayu Set,Apparel,90,91.87,Instagram
2026-03-24,Slip-on Sandals,Footwear,78,33.75,TikTok Shop
2026-03-24,Canvas Sneakers,Footwear,44,49.86,Shopee
2026-03-24,Tote Bag,Accessories,43,27.88,TikTok Shop
2026-03-24,Slip-on Sandals,Footwear,5,39.8,Shopee
2026-03-24,Silk Hijab,Apparel,54,34.23,Shopee
2026-03-24,Canvas Sneakers,Footwear,21,52.6,Shopee
2026-03-24,Baju Melayu Set,Apparel,88,80.87,Shopee
2026-03-24,Baju Melayu Set,Apparel,33,99.27,Instagram
2026-03-24,Canvas Sneakers,Footwear,51,53.78,Shopee
2026-03-24,Crossbody Bag,Accessories,16,75.0,TikTok Shop
2026-03-24,Tote Bag,Accessories,31,30.76,Shopee
2026-03-24,Slip-on Sandals,Footwear,34,35.37,Instagram
2026-03-24,Silk Hijab,Apparel,38,26.46,Shopee
2026-03-24,Printed Blouse,Apparel,15,36.71,Shopee
2026-03-24,Silk Hijab,Apparel,29,31.11,Shopee
2026-03-24,Tote Bag,Accessories,21,34.48,Shopee
2026-03-24,Tote Bag,Accessories,37,32.49,Instagram
2026-03-24,Printed Blouse,Apparel,30,36.88,Shopee
2026-03-24,Baju Melayu Set,Apparel,84,89.47,Instagram
2026-03-25,Baju Melayu Set,Apparel,129,80.91,Shopee
2026-03-25,Casual Kurung,Apparel,81,82.24,Instagram
2026-03-25,Batik Shirt,Apparel,147,57.65,TikTok Shop
2026-03-25,Printed Blouse,Apparel,49,34.02,Instagram
2026-03-25,Baju Melayu Set,Apparel,166,86.85,Shopee
2026-03-25,Printed Blouse,Apparel,47,34.45,TikTok Shop
2026-03-25,Baju Melayu Set,Apparel,107,82.57,Shopee
2026-03-25,Silk Hijab,Apparel,119,33.42,TikTok Shop
2026-03-25,Heeled Wedges,Footwear,85,62.14,Shopee
2026-03-25,Casual Kurung,Apparel,32,73.96,Shopee
2026-03-25,Baju Melayu Set,Apparel,85,86.23,Shopee
2026-03-25,Slip-on Sandals,Footwear,25,37.67,TikTok Shop
2026-03-25,Silk Hijab,Apparel,92,26.12,Shopee
2026-03-25,Batik Shirt,Apparel,107,63.16,TikTok Shop
2026-03-25,Printed Blouse,Apparel,74,31.79,Shopee
2026-03-25,Printed Blouse,Apparel,60,36.54,TikTok Shop
2026-03-26,Casual Kurung,Apparel,83,81.05,Instagram
2026-03-26,Batik Shirt,Apparel,108,61.32,TikTok Shop
2026-03-26,Printed Blouse,Apparel,33,31.35,Instagram
2026-03-26,Casual Kurung,Apparel,60,65.69,Shopee
2026-03-26,Baju Melayu Set,Apparel,47,87.53,TikTok Shop
2026-03-26,Casual Kurung,Apparel,64,83.49,Shopee
2026-03-26,Casual Kurung,Apparel,47,72.34,TikTok Shop
2026-03-26,Heeled Wedges,Footwear,83,63.06,TikTok Shop
2026-03-26,Baju Melayu Set,Apparel,53,92.25,Shopee
2026-03-26,Batik Shirt,Apparel,110,61.64,Shopee
2026-03-26,Batik Shirt,Apparel,80,58.03,Shopee
2026-03-26,Baju Melayu Set,Apparel,157,98.96,TikTok Shop
2026-03-26,Silk Hijab,Apparel,70,33.09,Shopee
2026-03-26,Heeled Wedges,Footwear,136,69.2,Shopee
2026-03-26,Tote Bag,Accessories,35,36.52,Shopee
2026-03-26,Canvas Sneakers,Footwear,85,44.84,TikTok Shop
2026-03-26,Printed Blouse,Apparel,31,33.52,Shopee
2026-03-27,Printed Blouse,Apparel,32,32.32,Shopee
2026-03-27,Baju Melayu Set,Apparel,30,94.98,TikTok Shop
2026-03-27,Silk Hijab,Apparel,141,26.18,Instagram
2026-03-27,Printed Blouse,Apparel,19,32.42,Shopee
2026-03-27,Baju Melayu Set,Apparel,103,94.81,Instagram
2026-03-27,Heeled Wedges,Footwear,123,60.14,Shopee
2026-03-27,Batik Shirt,Apparel,67,60.52,TikTok Shop
2026-03-27,Casual Kurung,Apparel,152,68.22,Shopee
2026-03-27,Printed Blouse,Apparel,72,33.5,Instagram
2026-03-28,Canvas Sneakers,Footwear,72,46.17,Instagram
2026-03-28,Canvas Sneakers,Footwear,90,45.02,TikTok Shop
2026-03-28,Batik Shirt,Apparel,179,52.87,TikTok Shop
2026-03-28,Casual Kurung,Apparel,195,64.93,Shopee
2026-03-28,Casual Kurung,Apparel,60,77.08,TikTok Shop
2026-03-28,Silk Hijab,Apparel,33,30.31,Shopee
2026-03-28,Printed Blouse,Apparel,89,33.88,Shopee
2026-03-28,Baju Melayu Set,Apparel,41,80.08,TikTok Shop
2026-03-28,Heeled Wedges,Footwear,37,56.28,Instagram
2026-03-28,Printed Blouse,Apparel,98,34.66,Shopee
2026-03-28,Heeled Wedges,Footwear,149,73.79,Shopee
2026-03-28,Crossbody Bag,Accessories,40,78.95,TikTok Shop
2026-03-29,Canvas Sneakers,Footwear,58,45.23,Shopee
2026-03-29,Crossbody Bag,Accessories,97,66.19,TikTok Shop
2026-03-29,Printed Blouse,Apparel,18,32.52,Shopee
2026-03-29,Canvas Sneakers,Footwear,18,53.23,Shopee
2026-03-29,Slip-on Sandals,Footwear,65,34.75,Instagram
2026-03-29,Baju Melayu Set,Apparel,172,95.39,Shopee
2026-03-29,Tote Bag,Accessories,8,34.45,Shopee
2026-03-29,Crossbody Bag,Accessories,65,61.52,TikTok Shop
2026-03-29,Baju Melayu Set,Apparel,178,77.56,Shopee
2026-03-29,Crossbody Bag,Accessories,58,59.51,TikTok Shop
2026-03-29,Printed Blouse,Apparel,16,39.73,TikTok Shop
2026-03-29,Silk Hijab,Apparel,115,31.72,Instagram
2026-03-29,Tote Bag,Accessories,60,36.61,TikTok Shop
2026-03-29,Casual Kurung,Apparel,51,66.14,Shopee
2026-03-29,Tote Bag,Accessories,24,29.69,Instagram
2026-03-29,Tote Bag,Accessories,70,32.3,Instagram
2026-03-29,Crossbody Bag,Accessories,54,67.41,Shopee
2026-03-29,Casual Kurung,Apparel,61,75.24,Shopee
2026-03-29,Batik Shirt,Apparel,22,61.99,TikTok Shop
2026-03-29,Heeled Wedges,Footwear,90,74.55,Shopee
2026-03-29,Printed Blouse,Apparel,54,39.56,Shopee
2026-03-30,Baju Melayu Set,Apparel,122,95.61,Shopee
2026-03-30,Crossbody Bag,Accessories,70,67.1,TikTok Shop
2026-03-30,Heeled Wedges,Footwear,21,73.76,Shopee
2026-03-30,Batik Shirt,Apparel,122,48.27,Shopee
2026-03-30,Canvas Sneakers,Footwear,14,53.5,TikTok Shop
2026-03-30,Crossbody Bag,Accessories,92,61.29,Shopee
2026-03-30,Heeled Wedges,Footwear,169,55.4,TikTok Shop
2026-03-30,Printed Blouse,Apparel,106,31.93,TikTok Shop
2026-03-30,Tote Bag,Accessories,44,33.01,Shopee
2026-03-30,Crossbody Bag,Accessories,21,77.6,Shopee
2026-03-30,Printed Blouse,Apparel,35,34.03,TikTok Shop
2026-03-30,Printed Blouse,Apparel,14,36.3,Shopee
2026-03-30,Casual Kurung,Apparel,71,74.04,Shopee
2026-03-30,Tote Bag,Accessories,61,32.21,Shopee
2026-03-30,Batik Shirt,Apparel,64,59.83,Shopee
2026-03-30,Baju Melayu Set,Apparel,142,77.1,Shopee
2026-03-30,Silk Hijab,Apparel,133,26.43,TikTok Shop
2026-03-31,Slip-on Sandals,Footwear,13,38.8,Shopee
2026-03-31,Tote Bag,Accessories,51,36.64,TikTok Shop
2026-03-31,Slip-on Sandals,Footwear,32,39.14,Shopee
2026-03-31,Casual Kurung,Apparel,31,84.23,Shopee
2026-03-31,Batik Shirt,Apparel,214,48.74,TikTok Shop
2026-03-31,Canvas Sneakers,Footwear,72,50.42,TikTok Shop
2026-03-31,Silk Hijab,Apparel,87,26.77,Instagram
2026-03-31,Batik Shirt,Apparel,118,46.95,TikTok Shop
2026-03-31,Slip-on Sandals,Footwear,103,32.33,TikTok Shop
2026-03-31,Printed Blouse,Apparel,18,32.29,Shopee
2026-03-31,Printed Blouse,Apparel,19,36.36,Shopee
2026-03-31,Heeled Wedges,Footwear,29,70.17,Instagram
2026-03-31,Slip-on Sandals,Footwear,78,30.48,Shopee
2026-03-31,Printed Blouse,Apparel,9,35.27,Shopee
2026-04-01,Crossbody Bag,Accessories,34,68.98,Shopee
2026-04-01,Printed Blouse,Apparel,18,34.09,TikTok Shop
2026-04-01,Crossbody Bag,Accessories,87,60.15,TikTok Shop
2026-04-01,Tote Bag,Accessories,53,28.14,Shopee
2026-04-01,Printed Blouse,Apparel,33,35.24,Shopee
2026-04-01,Slip-on Sandals,Footwear,22,34.75,Shopee
2026-04-01,Casual Kurung,Apparel,18,77.94,Instagram
2026-04-01,Heeled Wedges,Footwear,207,56.06,TikTok Shop
2026-04-02,Crossbody Bag,Accessories,19,61.23,Shopee
2026-04-02,Printed Blouse,Apparel,82,34.12,TikTok Shop
2026-04-02,Silk Hijab,Apparel,88,29.59,Instagram
2026-04-02,Printed Blouse,Apparel,22,36.28,Shopee
2026-04-02,Printed Blouse,Apparel,12,37.9,Instagram
2026-04-02,Batik Shirt,Apparel,22,61.1,Shopee
2026-04-02,Baju Melayu Set,Apparel,164,79.49,Shopee
2026-04-02,Heeled Wedges,Footwear,59,71.25,Shopee
2026-04-02,Silk Hijab,Apparel,38,32.53,TikTok Shop
2026-04-02,Baju Melayu Set,Apparel,27,89.49,Shopee
2026-04-02,Casual Kurung,Apparel,88,71.16,Shopee
2026-04-02,Silk Hijab,Apparel,75,25.54,Shopee
2026-04-03,Crossbody Bag,Accessories,23,65.79,TikTok Shop
2026-04-03,Baju Melayu Set,Apparel,50,78.18,Shopee
2026-04-03,Casual Kurung,Apparel,145,67.77,Instagram
2026-04-03,Heeled Wedges,Footwear,150,63.29,Shopee
2026-04-03,Silk Hijab,Apparel,109,31.2,TikTok Shop
2026-04-03,Batik Shirt,Apparel,68,60.84,Shopee
2026-04-03,Tote Bag,Accessories,26,27.64,Shopee
2026-04-03,Batik Shirt,Apparel,63,61.03,TikTok Shop
2026-04-03,Printed Blouse,Apparel,79,33.1,Shopee
2026-04-03,Batik Shirt,Apparel,118,51.45,Shopee
2026-04-03,Heeled Wedges,Footwear,59,56.11,Instagram
2026-04-03,Canvas Sneakers,Footwear,38,49.07,Shopee
2026-04-03,Batik Shirt,Apparel,19,59.6,Shopee
2026-04-03,Silk Hijab,Apparel,62,30.86,Shopee
2026-04-03,Slip-on Sandals,Footwear,73,30.02,Shopee
2026-04-04,Casual Kurung,Apparel,81,74.31,Instagram
2026-04-04,Canvas Sneakers,Footwear,40,51.73,Shopee
2026-04-04,Crossbody Bag,Accessories,41,74.64,TikTok Shop
2026-04-04,Canvas Sneakers,Footwear,74,49.46,Shopee
2026-04-04,Casual Kurung,Apparel,117,81.74,Shopee
2026-04-04,Crossbody Bag,Accessories,36,75.62,Shopee
2026-04-04,Tote Bag,Accessories,54,27.75,TikTok Shop
2026-04-04,Heeled Wedges,Footwear,84,61.28,Instagram
2026-04-04,Batik Shirt,Apparel,156,54.04,Shopee
2026-04-04,Batik Shirt,Apparel,164,53.19,Shopee
2026-04-04,Tote Bag,Accessories,29,30.46,Shopee
2026-04-04,Baju Melayu Set,Apparel,72,86.28,Shopee
2026-04-04,Slip-on Sandals,Footwear,29,39.45,Shopee
2026-04-04,Tote Bag,Accessories,75,29.69,TikTok Shop
2026-04-04,Batik Shirt,Apparel,43,46.98,Shopee
2026-04-05,Casual Kurung,Apparel,182,71.63,Shopee
2026-04-05,Batik Shirt,Apparel,18,58.98,Shopee
2026-04-05,Crossbody Bag,Accessories,16,76.64,Shopee
2026-04-05,Canvas Sneakers,Footwear,47,44.21,Shopee
2026-04-05,Tote Bag,Accessories,29,34.91,TikTok Shop
2026-04-05,Silk Hijab,Apparel,125,31.41,Shopee
2026-04-05,Tote Bag,Accessories,40,34.17,Instagram
2026-04-05,Printed Blouse,Apparel,110,30.23,Shopee
2026-04-05,Tote Bag,Accessories,71,28.22,Instagram
2026-04-05,Printed Blouse,Apparel,54,31.46,Shopee
2026-04-05,Casual Kurung,Apparel,28,71.24,Shopee
2026-04-05,Batik Shirt,Apparel,32,53.8,Shopee
2026-04-05,Crossbody Bag,Accessories,41,78.39,Shopee
2026-04-05,Slip-on Sandals,Footwear,40,36.84,Shopee
2026-04-05,Printed Blouse,Apparel,94,32.91,TikTok Shop
2026-04-05,Slip-on Sandals,Footwear,27,38.11,TikTok Shop
2026-04-05,Slip-on Sandals,Footwear,47,34.12,Shopee
2026-04-06,Tote Bag,Accessories,19,30.44,TikTok Shop
2026-04-06,Heeled Wedges,Footwear,25,70.64,Shopee
2026-04-06,Crossbody Bag,Accessories,86,62.33,TikTok Shop
2026-04-06,Batik Shirt,Apparel,98,58.7,TikTok Shop
2026-04-06,Casual Kurung,Apparel,125,64.18,Shopee
2026-04-06,Silk Hijab,Apparel,87,29.72,TikTok Shop
2026-04-06,Canvas Sneakers,Footwear,100,43.36,TikTok Shop
2026-04-06,Casual Kurung,Apparel,23,73.54,TikTok Shop
2026-04-06,Heeled Wedges,Footwear,152,56.58,Shopee
2026-04-06,Batik Shirt,Apparel,102,58.26,TikTok Shop
2026-04-06,Canvas Sneakers,Footwear,57,46.25,Shopee
2026-04-06,Tote Bag,Accessories,100,28.15,TikTok Shop
2026-04-06,Slip-on Sandals,Footwear,43,40.09,TikTok Shop
2026-04-06,Printed Blouse,Apparel,7,37.59,TikTok Shop
2026-04-06,Batik Shirt,Apparel,133,50.44,TikTok Shop
2026-04-06,Baju Melayu Set,Apparel,71,80.51,TikTok Shop
2026-04-06,Heeled Wedges,Footwear,46,58.11,TikTok Shop
2026-04-06,Canvas Sneakers,Footwear,15,57.28,Shopee
2026-04-07,Tote Bag,Accessories,38,31.44,Shopee
2026-04-07,Canvas Sneakers,Footwear,73,46.52,Instagram
2026-04-07,Printed Blouse,Apparel,45,38.65,Shopee
2026-04-07,Heeled Wedges,Footwear,115,68.99,Shopee
2026-04-07,Casual Kurung,Apparel,106,82.99,TikTok Shop
2026-04-07,Crossbody Bag,Accessories,53,67.53,Shopee
2026-04-07,Casual Kurung,Apparel,144,82.87,TikTok Shop
2026-04-07,Tote Bag,Accessories,32,33.34,TikTok Shop
2026-04-07,Tote Bag,Accessories,15,27.9,TikTok Shop
2026-04-07,Printed Blouse,Apparel,11,40.06,Shopee
2026-04-07,Slip-on Sandals,Footwear,97,31.61,TikTok Shop
2026-04-07,Slip-on Sandals,Footwear,41,31.32,TikTok Shop
2026-04-07,Tote Bag,Accessories,23,32.37,Shopee
2026-04-08,Canvas Sneakers,Footwear,56,50.8,TikTok Shop
2026-04-08,Crossbody Bag,Accessories,17,60.27,Instagram
2026-04-08,Batik Shirt,Apparel,27,54.92,TikTok Shop
2026-04-08,Tote Bag,Accessories,12,36.52,Shopee
2026-04-08,Casual Kurung,Apparel,92,71.32,Shopee
2026-04-08,Slip-on Sandals,Footwear,78,32.83,Shopee
2026-04-08,Tote Bag,Accessories,56,33.77,Shopee
2026-04-08,Silk Hijab,Apparel,71,31.72,TikTok Shop
2026-04-08,Tote Bag,Accessories,38,31.85,Instagram
2026-04-08,Crossbody Bag,Accessories,82,71.32,TikTok Shop
2026-04-08,Slip-on Sandals,Footwear,38,37.68,Instagram
2026-04-08,Silk Hijab,Apparel,82,27.77,Instagram
2026-04-08,Slip-on Sandals,Footwear,48,37.04,TikTok Shop
2026-04-08,Heeled Wedges,Footwear,90,58.53,Instagram
2026-04-08,Silk Hijab,Apparel,39,33.15,TikTok Shop
2026-04-08,Tote Bag,Accessories,27,27.77,Shopee
2026-04-08,Heeled Wedges,Footwear,31,56.53,Shopee
2026-04-08,Tote Bag,Accessories,18,35.71,Shopee
2026-04-09,Batik Shirt,Apparel,103,52.99,TikTok Shop
2026-04-09,Canvas Sneakers,Footwear,39,48.34,Instagram
2026-04-09,Crossbody Bag,Accessories,21,64.79,TikTok Shop
2026-04-09,Slip-on Sandals,Footwear,63,35.13,Shopee
2026-04-09,Batik Shirt,Apparel,164,47.48,Shopee
2026-04-09,Printed Blouse,Apparel,26,36.11,TikTok Shop
2026-04-09,Tote Bag,Accessories,64,27.75,Shopee
2026-04-09,Silk Hijab,Apparel,95,30.89,TikTok Shop
2026-04-09,Heeled Wedges,Footwear,43,63.47,Shopee
2026-04-09,Crossbody Bag,Accessories,38,63.82,Shopee
2026-04-09,Casual Kurung,Apparel,52,65.01,Shopee
2026-04-09,Casual Kurung,Apparel,107,65.26,Shopee
2026-04-09,Batik Shirt,Apparel,98,49.23,Shopee
2026-04-09,Batik Shirt,Apparel,101,49.7,Instagram
2026-04-09,Tote Bag,Accessories,84,29.81,TikTok Shop
2026-04-09,Casual Kurung,Apparel,64,78.93,Shopee
2026-04-09,Tote Bag,Accessories,37,32.5,Shopee
2026-04-09,Slip-on Sandals,Footwear,7,33.72,Shopee
2026-04-10,Canvas Sneakers,Footwear,52,56.02,Shopee
2026-04-10,Baju Melayu Set,Apparel,26,87.17,Shopee
2026-04-10,Casual Kurung,Apparel,126,69.06,Shopee
2026-04-10,Batik Shirt,Apparel,113,52.09,TikTok Shop
2026-04-10,Heeled Wedges,Footwear,32,68.85,Shopee
2026-04-10,Casual Kurung,Apparel,152,68.4,Shopee
2026-04-10,Crossbody Bag,Accessories,10,78.31,Instagram
2026-04-10,Baju Melayu Set,Apparel,37,78.6,Instagram
2026-04-10,Tote Bag,Accessories,32,32.06,TikTok Shop
2026-04-10,Batik Shirt,Apparel,84,60.64,Shopee
2026-04-10,Canvas Sneakers,Footwear,39,56.02,Shopee
2026-04-10,Printed Blouse,Apparel,50,35.07,TikTok Shop
2026-04-11,Crossbody Bag,Accessories,42,68.19,Shopee
2026-04-11,Silk Hijab,Apparel,99,33.84,Shopee
2026-04-11,Silk Hijab,Apparel,12,32.79,Shopee
2026-04-11,Heeled Wedges,Footwear,161,66.91,Shopee
2026-04-11,Slip-on Sandals,Footwear,39,32.11,Instagram
2026-04-11,Slip-on Sandals,Footwear,23,32.82,Shopee
2026-04-11,Casual Kurung,Apparel,51,71.77,TikTok Shop
2026-04-11,Heeled Wedges,Footwear,138,55.8,TikTok Shop
2026-04-11,Batik Shirt,Apparel,23,57.86,Shopee
2026-04-11,Silk Hijab,Apparel,114,26.72,TikTok Shop
2026-04-11,Printed Blouse,Apparel,59,32.12,Shopee
2026-04-11,Tote Bag,Accessories,20,34.59,TikTok Shop
2026-04-12,Canvas Sneakers,Footwear,21,47.24,TikTok Shop
2026-04-12,Heeled Wedges,Footwear,136,56.61,Shopee
2026-04-12,Batik Shirt,Apparel,169,52.19,Shopee
2026-04-12,Baju Melayu Set,Apparel,151,78.29,Instagram
2026-04-12,Crossbody Bag,Accessories,71,67.78,Instagram
2026-04-12,Tote Bag,Accessories,7,34.01,Instagram
2026-04-12,Crossbody Bag,Accessories,75,62.66,Shopee
2026-04-12,Canvas Sneakers,Footwear,12,52.47,Instagram
2026-04-12,Canvas Sneakers,Footwear,86,44.91,TikTok Shop
2026-04-12,Batik Shirt,Apparel,47,59.0,Shopee
2026-04-12,Canvas Sneakers,Footwear,71,48.92,Shopee
2026-04-13,Tote Bag,Accessories,45,27.59,TikTok Shop
2026-04-13,Silk Hijab,Apparel,23,29.06,TikTok Shop
2026-04-13,Batik Shirt,Apparel,138,50.43,Instagram
2026-04-13,Slip-on Sandals,Footwear,45,30.55,TikTok Shop
2026-04-13,Batik Shirt,Apparel,76,60.52,Instagram
2026-04-13,Crossbody Bag,Accessories,62,59.88,Shopee
2026-04-13,Silk Hijab,Apparel,58,33.18,Instagram
2026-04-13,Canvas Sneakers,Footwear,60,45.02,Instagram
2026-04-13,Batik Shirt,Apparel,126,49.92,Shopee
2026-04-13,Crossbody Bag,Accessories,10,66.69,Shopee
2026-04-13,Printed Blouse,Apparel,58,34.88,Shopee
2026-04-13,Printed Blouse,Apparel,31,32.7,Instagram
2026-04-13,Slip-on Sandals,Footwear,35,38.8,Shopee
2026-04-13,Slip-on Sandals,Footwear,41,37.62,Shopee
2026-04-13,Batik Shirt,Apparel,89,58.85,Instagram
2026-04-13,Baju Melayu Set,Apparel,63,83.79,Shopee
2026-04-14,Silk Hijab,Apparel,130,31.08,Shopee
2026-04-14,Batik Shirt,Apparel,123,56.83,TikTok Shop
2026-04-14,Tote Bag,Accessories,64,28.17,Shopee
2026-04-14,Tote Bag,Accessories,66,34.6,TikTok Shop
2026-04-14,Crossbody Bag,Accessories,58,73.89,Shopee
2026-04-14,Heeled Wedges,Footwear,102,72.73,Shopee
2026-04-14,Crossbody Bag,Accessories,55,74.67,Shopee
2026-04-14,Heeled Wedges,Footwear,98,71.03,Shopee
2026-04-14,Crossbody Bag,Accessories,39,69.11,TikTok Shop
2026-04-14,Crossbody Bag,Accessories,36,73.85,Shopee
2026-04-14,Heeled Wedges,Footwear,87,68.49,Shopee
2026-04-15,Heeled Wedges,Footwear,55,62.98,Instagram
2026-04-15,Crossbody Bag,Accessories,25,71.33,Shopee
2026-04-15,Tote Bag,Accessories,22,31.01,TikTok Shop
2026-04-15,Batik Shirt,Apparel,23,51.92,TikTok Shop
2026-04-15,Slip-on Sandals,Footwear,46,36.21,Shopee
2026-04-15,Crossbody Bag,Accessories,37,80.41,Shopee
2026-04-15,Silk Hijab,Apparel,32,25.53,TikTok Shop
2026-04-15,Batik Shirt,Apparel,30,52.35,Shopee
2026-04-15,Silk Hijab,Apparel,53,29.77,Instagram
2026-04-15,Slip-on Sandals,Footwear,21,31.08,Instagram
2026-04-15,Canvas Sneakers,Footwear,60,43.46,Shopee
2026-04-15,Tote Bag,Accessories,60,34.2,Shopee
2026-04-15,Tote Bag,Accessories,32,34.81,Shopee
2026-04-16,Crossbody Bag,Accessories,3,73.84,Shopee
2026-04-16,Printed Blouse,Apparel,13,36.28,Shopee
2026-04-16,Heeled Wedges,Footwear,4,74.29,TikTok Shop
2026-04-16,Crossbody Bag,Accessories,37,69.23,Shopee
2026-04-16,Canvas Sneakers,Footwear,46,47.51,Shopee
2026-04-16,Canvas Sneakers,Footwear,40,46.34,TikTok Shop
2026-04-17,Tote Bag,Accessories,6,36.3,Shopee
2026-04-17,Printed Blouse,Apparel,24,37.33,TikTok Shop
2026-04-17,Slip-on Sandals,Footwear,14,38.6,Shopee
2026-04-17,Batik Shirt,Apparel,33,63.14,TikTok Shop
2026-04-17,Printed Blouse,Apparel,12,36.3,Shopee
2026-04-17,Baju Melayu Set,Apparel,13,96.68,TikTok Shop
2026-04-17,Crossbody Bag,Accessories,40,65.24,TikTok Shop
2026-04-17,Printed Blouse,Apparel,19,32.1,Shopee
2026-04-17,Canvas Sneakers,Footwear,4,55.0,Shopee
2026-04-17,Canvas Sneakers,Footwear,52,43.23,TikTok Shop
2026-04-17,Canvas Sneakers,Footwear,7,56.0,TikTok Shop
2026-04-18,Heeled Wedges,Footwear,9,73.11,Instagram
2026-04-18,Printed Blouse,Apparel,11,38.98,Shopee
2026-04-18,Canvas Sneakers,Footwear,9,46.44,Shopee
2026-04-18,Printed Blouse,Apparel,8,35.73,Shopee
2026-04-18,Crossbody Bag,Accessories,14,63.02,Shopee
2026-04-18,Silk Hijab,Apparel,24,31.29,TikTok Shop
2026-04-18,Crossbody Bag,Accessories,10,73.87,Shopee
2026-04-18,Slip-on Sandals,Footwear,14,34.07,TikTok Shop
2026-04-18,Tote Bag,Accessories,23,36.78,Shopee
2026-04-18,Casual Kurung,Apparel,32,73.08,Shopee
2026-04-18,Slip-on Sandals,Footwear,26,35.74,Shopee
2026-04-18,Baju Melayu Set,Apparel,30,77.83,Shopee
2026-04-19,Casual Kurung,Apparel,7,81.67,TikTok Shop
2026-04-19,Casual Kurung,Apparel,29,71.32,Shopee
2026-04-19,Casual Kurung,Apparel,45,68.38,Shopee
2026-04-19,Baju Melayu Set,Apparel,20,96.08,Shopee
2026-04-19,Printed Blouse,Apparel,31,36.95,TikTok Shop
2026-04-19,Printed Blouse,Apparel,8,36.42,Shopee
2026-04-19,Canvas Sneakers,Footwear,10,51.2,TikTok Shop
2026-04-19,Heeled Wedges,Footwear,13,55.32,Shopee
2026-04-19,Silk Hijab,Apparel,23,33.92,Shopee
2026-04-19,Slip-on Sandals,Footwear,47,31.71,TikTok Shop
2026-04-19,Canvas Sneakers,Footwear,18,55.89,Shopee
2026-04-19,Printed Blouse,Apparel,33,30.85,TikTok Shop
2026-04-19,Silk Hijab,Apparel,49,29.77,TikTok Shop
2026-04-19,Batik Shirt,Apparel,27,49.02,Shopee
2026-04-19,Printed Blouse,Apparel,23,38.27,Shopee
2026-04-19,Silk Hijab,Apparel,22,30.08,TikTok Shop
2026-04-20,Slip-on Sandals,Footwear,19,40.21,Instagram
2026-04-20,Silk Hijab,Apparel,24,26.04,TikTok Shop
2026-04-20,Casual Kurung,Apparel,6,71.25,TikTok Shop
2026-04-20,Crossbody Bag,Accessories,8,65.79,TikTok Shop
2026-04-20,Baju Melayu Set,Apparel,34,92.92,TikTok Shop
2026-04-20,Heeled Wedges,Footwear,27,61.83,Shopee
2026-04-20,Canvas Sneakers,Footwear,20,56.15,TikTok Shop
2026-04-20,Slip-on Sandals,Footwear,4,36.74,Instagram
2026-04-20,Slip-on Sandals,Footwear,43,32.34,TikTok Shop
2026-04-20,Batik Shirt,Apparel,40,47.5,TikTok Shop
2026-04-20,Tote Bag,Accessories,14,36.13,TikTok Shop
2026-04-20,Casual Kurung,Apparel,33,74.85,Shopee
2026-04-20,Slip-on Sandals,Footwear,12,31.75,Shopee
2026-04-20,Printed Blouse,Apparel,8,36.76,TikTok Shop
2026-04-21,Silk Hijab,Apparel,19,28.98,Shopee
2026-04-21,Printed Blouse,Apparel,30,34.23,TikTok Shop
2026-04-21,Tote Bag,Accessories,18,31.79,Shopee
2026-04-21,Silk Hijab,Apparel,18,27.63,Shopee
2026-04-21,Printed Blouse,Apparel,1,39.02,Instagram
2026-04-21,Printed Blouse,Apparel,26,37.62,Shopee
2026-04-21,Canvas Sneakers,Footwear,20,52.99,Shopee
2026-04-21,Slip-on Sandals,Footwear,32,37.23,Shopee
2026-04-21,Canvas Sneakers,Footwear,12,56.95,Instagram
2026-04-21,Batik Shirt,Apparel,3,54.57,Shopee
2026-04-21,Casual Kurung,Apparel,42,73.63,Shopee
2026-04-21,Tote Bag,Accessories,32,33.15,Shopee
2026-04-21,Silk Hijab,Apparel,41,26.06,TikTok Shop
2026-04-21,Batik Shirt,Apparel,40,57.52,TikTok Shop
2026-04-21,Baju Melayu Set,Apparel,18,90.42,Shopee
2026-04-21,Baju Melayu Set,Apparel,8,98.39,TikTok Shop
2026-04-22,Crossbody Bag,Accessories,31,60.26,Instagram
2026-04-22,Baju Melayu Set,Apparel,21,96.44,Shopee
2026-04-22,Canvas Sneakers,Footwear,23,49.17,Shopee
2026-04-22,Casual Kurung,Apparel,8,73.58,Instagram
2026-04-22,Printed Blouse,Apparel,42,31.91,Shopee
2026-04-22,Crossbody Bag,Accessories,13,70.24,TikTok Shop
2026-04-22,Casual Kurung,Apparel,24,77.14,TikTok Shop
2026-04-22,Silk Hijab,Apparel,27,28.17,Shopee
2026-04-22,Crossbody Bag,Accessories,43,77.27,TikTok Shop
2026-04-22,Slip-on Sandals,Footwear,29,34.97,TikTok Shop
2026-04-22,Silk Hijab,Apparel,10,30.88,Shopee
2026-04-22,Batik Shirt,Apparel,33,47.41,TikTok Shop
2026-04-22,Heeled Wedges,Footwear,21,62.6,Shopee
2026-04-22,Tote Bag,Accessories,26,35.05,TikTok Shop
2026-04-22,Silk Hijab,Apparel,7,34.46,Shopee
2026-04-22,Heeled Wedges,Footwear,5,66.33,TikTok Shop
2026-04-22,Baju Melayu Set,Apparel,36,85.5,TikTok Shop
2026-04-22,Printed Blouse,Apparel,12,36.5,Shopee
2026-04-22,Casual Kurung,Apparel,35,77.02,Shopee
2026-04-22,Slip-on Sandals,Footwear,34,33.48,Shopee
2026-04-22,Crossbody Bag,Accessories,5,79.95,Shopee
2026-04-22,Silk Hijab,Apparel,21,34.1,Shopee
2026-04-22,Heeled Wedges,Footwear,14,64.98,TikTok Shop
2026-04-22,Silk Hijab,Apparel,4,30.37,Instagram
2026-04-22,Printed Blouse,Apparel,31,32.95,Shopee
2026-04-22,Crossbody Bag,Accessories,10,60.17,Shopee
2026-04-22,Tote Bag,Accessories,7,35.72,TikTok Shop
2026-04-22,Casual Kurung,Apparel,14,81.8,Shopee
2026-04-23,Batik Shirt,Apparel,7,58.65,TikTok Shop
2026-04-23,Crossbody Bag,Accessories,12,65.1,Shopee
2026-04-23,Tote Bag,Accessories,21,33.85,Instagram
2026-04-23,Casual Kurung,Apparel,21,81.25,Instagram
2026-04-23,Crossbody Bag,Accessories,5,62.08,Shopee
2026-04-23,Silk Hijab,Apparel,16,30.55,TikTok Shop
2026-04-23,Baju Melayu Set,Apparel,8,97.98,Shopee
2026-04-23,Heeled Wedges,Footwear,31,72.42,Shopee
2026-04-23,Slip-on Sandals,Footwear,7,35.34,Shopee
2026-04-23,Canvas Sneakers,Footwear,24,45.9,TikTok Shop
2026-04-23,Heeled Wedges,Footwear,43,70.49,TikTok Shop
2026-04-23,Heeled Wedges,Footwear,27,70.52,Shopee
2026-04-23,Crossbody Bag,Accessories,27,66.87,Shopee
2026-04-23,Slip-on Sandals,Footwear,36,34.96,Shopee
2026-04-24,Heeled Wedges,Footwear,14,63.41,Shopee
2026-04-24,Slip-on Sandals,Footwear,38,29.77,Instagram
2026-04-24,Tote Bag,Accessories,52,28.94,TikTok Shop
2026-04-24,Slip-on Sandals,Footwear,32,34.67,Shopee
2026-04-24,Canvas Sneakers,Footwear,9,47.47,Shopee
2026-04-24,Tote Bag,Accessories,31,30.01,Shopee
2026-04-24,Crossbody Bag,Accessories,19,65.52,Shopee
2026-04-24,Baju Melayu Set,Apparel,34,88.27,TikTok Shop
2026-04-24,Silk Hijab,Apparel,49,27.57,Shopee
2026-04-24,Heeled Wedges,Footwear,54,61.91,TikTok Shop
2026-04-24,Silk Hijab,Apparel,18,32.49,TikTok Shop
2026-04-24,Baju Melayu Set,Apparel,18,97.61,TikTok Shop
2026-04-24,Canvas Sneakers,Footwear,3,50.51,TikTok Shop
2026-04-24,Canvas Sneakers,Footwear,9,54.52,Shopee
2026-04-24,Silk Hijab,Apparel,35,30.37,Shopee
2026-04-24,Canvas Sneakers,Footwear,15,46.82,Shopee
2026-04-25,Heeled Wedges,Footwear,10,60.01,Shopee
2026-04-25,Baju Melayu Set,Apparel,37,87.21,TikTok Shop
2026-04-25,Printed Blouse,Apparel,15,34.65,Shopee
2026-04-25,Crossbody Bag,Accessories,56,69.06,Shopee
2026-04-25,Batik Shirt,Apparel,27,57.69,TikTok Shop
2026-04-25,Tote Bag,Accessories,66,29.11,TikTok Shop
2026-04-25,Printed Blouse,Apparel,49,37.37,Shopee
2026-04-25,Tote Bag,Accessories,73,27.59,TikTok Shop
2026-04-25,Heeled Wedges,Footwear,54,72.14,TikTok Shop
2026-04-25,Canvas Sneakers,Footwear,18,50.01,Instagram
2026-04-25,Slip-on Sandals,Footwear,52,31.91,Shopee
2026-04-25,Canvas Sneakers,Footwear,61,50.39,TikTok Shop
2026-04-25,Baju Melayu Set,Apparel,10,95.48,Shopee
2026-04-25,Baju Melayu Set,Apparel,35,91.93,TikTok Shop
2026-04-26,Canvas Sneakers,Footwear,8,44.04,Instagram
2026-04-26,Batik Shirt,Apparel,15,56.57,TikTok Shop
2026-04-26,Batik Shirt,Apparel,25,48.52,TikTok Shop
2026-04-26,Heeled Wedges,Footwear,61,66.62,TikTok Shop
2026-04-26,Baju Melayu Set,Apparel,15,100.41,Instagram
2026-04-26,Batik Shirt,Apparel,14,56.38,Shopee
2026-04-26,Silk Hijab,Apparel,42,29.0,Shopee
2026-04-26,Printed Blouse,Apparel,66,30.43,Instagram
2026-04-26,Slip-on Sandals,Footwear,1,38.8,Instagram
2026-04-26,Canvas Sneakers,Footwear,28,53.84,Shopee
2026-04-26,Baju Melayu Set,Apparel,40,82.74,Shopee
2026-04-26,Tote Bag,Accessories,59,29.65,Instagram
2026-04-26,Canvas Sneakers,Footwear,44,42.86,TikTok Shop
2026-04-26,Casual Kurung,Apparel,23,71.29,Instagram
2026-04-27,Slip-on Sandals,Footwear,20,31.51,Shopee
2026-04-27,Heeled Wedges,Footwear,12,68.03,TikTok Shop
2026-04-27,Tote Bag,Accessories,23,32.61,Shopee
2026-04-27,Crossbody Bag,Accessories,15,75.92,TikTok Shop
2026-04-27,Casual Kurung,Apparel,40,68.58,Instagram
2026-04-27,Baju Melayu Set,Apparel,14,81.01,TikTok Shop
2026-04-27,Slip-on Sandals,Footwear,30,39.8,TikTok Shop
2026-04-27,Casual Kurung,Apparel,17,81.06,Instagram
2026-04-27,Batik Shirt,Apparel,31,52.7,Shopee
2026-04-27,Casual Kurung,Apparel,12,78.31,Instagram
2026-04-27,Baju Melayu Set,Apparel,51,78.31,TikTok Shop
2026-04-27,Casual Kurung,Apparel,16,76.08,TikTok Shop
2026-04-27,Crossbody Bag,Accessories,38,60.41,Shopee
2026-04-28,Canvas Sneakers,Footwear,25,53.86,TikTok Shop
2026-04-28,Slip-on Sandals,Footwear,52,37.22,TikTok Shop
2026-04-28,Slip-on Sandals,Footwear,36,34.08,Shopee
2026-04-28,Canvas Sneakers,Footwear,42,49.57,Shopee
2026-04-28,Tote Bag,Accessories,35,28.4,Shopee
2026-04-28,Casual Kurung,Apparel,12,70.01,TikTok Shop
2026-04-28,Heeled Wedges,Footwear,4,72.33,Shopee
2026-04-28,Slip-on Sandals,Footwear,17,35.1,Shopee
2026-04-28,Heeled Wedges,Footwear,24,59.25,Shopee
2026-04-28,Casual Kurung,Apparel,55,66.15,Shopee
2026-04-28,Casual Kurung,Apparel,48,66.41,Instagram
2026-04-29,Silk Hijab,Apparel,43,27.44,TikTok Shop
2026-04-29,Crossbody Bag,Accessories,61,61.8,TikTok Shop
2026-04-29,Crossbody Bag,Accessories,31,61.98,TikTok Shop
2026-04-29,Casual Kurung,Apparel,58,65.43,Shopee
2026-04-29,Slip-on Sandals,Footwear,35,37.8,Shopee
2026-04-29,Printed Blouse,Apparel,35,32.85,Shopee
2026-04-29,Baju Melayu Set,Apparel,8,93.07,Instagram
2026-04-29,Heeled Wedges,Footwear,40,58.53,Shopee
2026-04-29,Slip-on Sandals,Footwear,13,32.77,Shopee
2026-04-29,Crossbody Bag,Accessories,25,67.0,Instagram
2026-04-29,Casual Kurung,Apparel,8,68.15,Shopee
2026-04-29,Tote Bag,Accessories,40,30.82,Shopee
2026-04-29,Canvas Sneakers,Footwear,63,46.0,TikTok Shop
2026-04-29,Canvas Sneakers,Footwear,16,45.91,TikTok Shop
2026-04-29,Baju Melayu Set,Apparel,4,87.46,Instagram
2026-04-30,Printed Blouse,Apparel,40,35.45,Shopee
2026-04-30,Printed Blouse,Apparel,14,39.93,Shopee
2026-04-30,Batik Shirt,Apparel,37,54.81,Shopee
2026-04-30,Printed Blouse,Apparel,37,31.74,Shopee
2026-04-30,Slip-on Sandals,Footwear,39,35.4,Shopee
2026-04-30,Tote Bag,Accessories,20,28.29,Instagram
2026-05-01,Batik Shirt,Apparel,36,54.68,Shopee
2026-05-01,Slip-on Sandals,Footwear,31,37.3,Shopee
2026-05-01,Slip-on Sandals,Footwear,11,36.42,TikTok Shop
2026-05-01,Casual Kurung,Apparel,31,77.6,Instagram
2026-05-01,Slip-on Sandals,Footwear,7,39.81,Shopee
2026-05-01,Slip-on Sandals,Footwear,22,36.51,TikTok Shop
2026-05-01,Slip-on Sandals,Footwear,25,39.38,Shopee
2026-05-01,Heeled Wedges,Footwear,31,61.42,TikTok Shop
2026-05-02,Heeled Wedges,Footwear,24,58.49,TikTok Shop
2026-05-02,Batik Shirt,Apparel,47,50.04,TikTok Shop
2026-05-02,Baju Melayu Set,Apparel,26,96.94,Shopee
2026-05-02,Baju Melayu Set,Apparel,13,103.16,Instagram
2026-05-02,Canvas Sneakers,Footwear,34,44.49,Instagram
2026-05-02,Heeled Wedges,Footwear,41,70.7,TikTok Shop
2026-05-02,Baju Melayu Set,Apparel,14,89.05,Instagram
2026-05-02,Slip-on Sandals,Footwear,56,31.07,Shopee
2026-05-03,Baju Melayu Set,Apparel,23,101.4,Shopee
2026-05-03,Canvas Sneakers,Footwear,57,44.21,TikTok Shop
2026-05-03,Tote Bag,Accessories,20,28.85,TikTok Shop
2026-05-03,Heeled Wedges,Footwear,10,69.02,Instagram
2026-05-03,Silk Hijab,Apparel,17,33.26,TikTok Shop
2026-05-03,Tote Bag,Accessories,26,32.02,TikTok Shop
2026-05-03,Silk Hijab,Apparel,36,25.72,TikTok Shop
2026-05-03,Batik Shirt,Apparel,8,62.12,Shopee
2026-05-03,Tote Bag,Accessories,41,35.55,TikTok Shop
2026-05-03,Crossbody Bag,Accessories,11,62.18,Shopee
2026-05-03,Canvas Sneakers,Footwear,10,53.4,Shopee
2026-05-03,Canvas Sneakers,Footwear,14,51.86,Shopee
2026-05-04,Heeled Wedges,Footwear,27,59.63,TikTok Shop
2026-05-04,Tote Bag,Accessories,7,35.84,Shopee
2026-05-04,Crossbody Bag,Accessories,34,72.9,Shopee
2026-05-04,Batik Shirt,Apparel,25,60.72,Instagram
2026-05-04,Silk Hijab,Apparel,27,29.3,Shopee
2026-05-04,Crossbody Bag,Accessories,6,63.38,Instagram
2026-05-04,Baju Melayu Set,Apparel,1,91.92,Shopee
2026-05-04,Crossbody Bag,Accessories,11,60.78,Shopee
2026-05-04,Canvas Sneakers,Footwear,59,43.33,TikTok Shop
2026-05-04,Heeled Wedges,Footwear,35,64.82,Shopee
